name_other,cap_unit,cap_includes_presale,token_type,total_number_of_tokens,token_standard,additional_token_emissions,Crowdsale is auction,Has a presale,Development road map available,Whitepaper page count,Product or prototype developed,Product can be tried out,Years since foundation,Issuer has customers for product,Business model available,Smart contract code available,Project code available,Use of proceeds mentioned,Use of proceeds disclosed in detail,Token share team (ex ante),Token share producers/miners (ex ante),Unsold tokens 'burnt' or proportional allocation,Unsold tokens kept by issuer,vc_support_general,vc_support_blockchain_specialist,Investors have governance rights,Experienced team,Team member with business background,advisor_quality,legal_structure,registration_country,address,Independent custodian for ICO funds,portfolio_converted_into_fiat,Funding milestones,Qualified investors only,Simple agreement for future tokens (SAFT),KYC/AML procedure,US retail investors excluded,Investors from other (non-US) jurisdictions excluded,Legal advisor disclosed,Financial advisor disclosed,air_drop_after_ICO ,industry,ethereum_contract_address,ico_start_date,ico_end_date_actual,Total amount raised (USDm),BTC_ret_ico_period,Fundraiser has maximum ('hard cap'),Fundraiser has minimum ('soft cap'),soft_cap_unit,hard_cap_unit,price_crowdsale,Crowdsale max. discount (%),US_qualified_only,Team business background missing,Team experience missing,Team tokens locked up,issued_on_other_platf,Legal form and jurisdiction known,Postal address known,Registered in offshore financial center,switzerland,is_ethereum,Is cryptographic token,Has VC backing,has_generalist_vc,has_specialist_vc,Unknown or low quality advisors,High quality advisory team,Token supply is fixed,Celebrity endorsement,Is a security,Is a utility token,token_is_cryptocurrency,token_is_new_blockchain,Is currency or general purpose blockchain,Decentralised platform,Legal entity is foundation,Legal entity is corporation,Legal entity is LLC,"Length of crowdsale (calendar days, actual)","Length of crowdsale (calendar days, planned)",presale_transparent,industry.1
0x,USD,1,Utility-token,1000000000.0,ERC-20,0,0,0,0,16.0,1,1,1,0,0,1.0,1,0,0,1.0,0.0,0,1,No,Polychain Capital; Pantera Capital; Blockchain Capital; Kenetic Capital,0,0,0,unknown,joint-stock corporation,Cayman Islands,unknown,0,0,0,0,0,1,0,0,0,0,0,Trading & Exchanges,0xe41d2489571d322189246dafa5ebde1f4699f498,8/15/2017,8/16/2017,26.0,0,1,0,USD,USD,0.0,0.0,0,0,0,1,1,1,0,1,0,1,1,1,0,1,1,0,1,0,0,1,0,0,0,1,0,1,0,2,5.0,1,Trading & Exchanges
adbank,ETH,1,Utility-token,1000000000.0,ERC-20,0,0,0,1,56.0,1,0,1,0,0,1.0,1,1,0,0.0,0.0,0,1,No,No,0,1,0,high,unknown,Canada,"Collingwood, Ontario, CANADA, L9Y 1A1",0,0,0,0,0,1,1,1,0,0,0,Commerce & Advertising,0x2baac9330cf9ac479d819195794d79ad0c7616e3,12/14/2017,1/6/2018,10.0,0,1,0,ETH,ETH,0.0,17.0,0,0,0,1,1,0,1,0,0,1,1,0,0,0,0,1,1,0,0,1,0,0,0,1,0,0,0,24,39.0,1,Commerce & Advertising
AdEx,ETH,0,Utility-token,100000000.0,ERC-20,0,0,1,1,33.0,0,0,1,0,1,1.0,0,1,0,0.0,0.0,0,1,No,No,0,0,0,neutral,joint-stock corporation,Estonia,"AdEx Network OÜ, Harju maakond, Tallinn, Kesklinna linnaosa, Narva mnt 5, 10117 ",0,0,0,0,0,0,0,0,1,0,0,Commerce & Advertising,0x4470bb87d77b963a013db939be332f927f2b992e,6/30/2017,6/30/2017,14.0,0,1,1,ETH,ETH,0.0,23.0,0,0,1,1,1,1,1,0,0,1,1,0,0,0,0,0,1,0,0,1,0,0,0,1,0,1,0,1,31.0,1,Commerce & Advertising
Adhive (ADH),USD,0,Utility-token,392000000.0,ERC-20,0,0,1,1,70.0,1,1,1,0,1,0.0,0,0,1,1.0,0.0,1,0,No,No,0,1,1,high,joint-stock corporation,Estonia,"AdHive Platform OÜ, Harju maakond, Tallinn, Lasnamäe linnaosa, Peterburi tee 47, 11415",0,0,0,0,0,1,1,1,0,1,0,Commerce & Advertising,0xe69a353b3152dd7b706ff7dd40fe1d18b7802d31,2/28/2018,2/28/2018,15.0,0,1,1,USD,USD,0.0,24.0,0,0,0,1,1,1,1,0,0,1,1,0,0,0,0,1,1,0,0,1,0,0,0,1,0,1,0,1,15.0,1,Commerce & Advertising
Aditus,USD,1,Security,750000000.0,ERC-20,0,0,1,1,35.0,0,0,0,0,1,1.0,0,1,0,1.0,0.0,1,0,No,District 13,1,1,1,high,joint-stock corporation,Singapore,"Aditus Pte. Ltd., 178 CLEMENCEAU AVENUE #03-01 HAW PAR GLASS TOWER SINGAPORE 239926",0,0,0,0,0,1,1,1,1,0,0,Commerce & Advertising,0x8810c63470d38639954c6b41aac545848c46484a,11/30/2017,12/20/2017,7.0,0,1,1,USD,USD,0.0,3.0,0,0,0,1,1,1,1,0,0,1,1,1,0,1,0,1,1,0,1,0,0,0,0,1,0,1,0,21,21.0,1,Commerce & Advertising
adToken,ETH,1,Utility-token,1000000000.0,ERC-20,0,0,1,1,16.0,0,0,0,0,0,1.0,1,1,0,0.0,0.0,0,1,No,No,1,1,0,high,joint-stock corporation,United States," MetaXchain, Inc., 3110 Main St., Penthouse Suite #400, Los Angeles CA",0,0,0,0,0,0,1,0,0,0,0,Commerce & Advertising,0xd0d6d6c5fe4a677d343cc433536bb717bae167dd,6/26/2017,6/26/2017,9.0,0,1,0,ETH,ETH,0.0,0.0,0,0,0,1,1,1,1,0,0,1,1,0,0,0,0,1,1,0,0,1,0,0,0,0,0,1,0,1,1.0,0,Commerce & Advertising
Aeternity,CHF,1,New Blockchain,276571964.0,ERC-20,1,0,0,1,10.0,1,1,0,0,0,0.0,1,0,0,0.0,0.0,1,0,No,No,1,1,1,neutral,foundation,Liechtenstein,"Aeternity Establishment, Landstr. 123, FL-9495 Triesen ",0,0,0,0,0,0,0,0,1,0,0,Blockchain Infrastructure,0x5ca9a71b1d01849c0a95490cc00559717fcf0d1d,4/3/2017,6/9/2017,35.0,1,1,0,CHF,CHF,0.0,41.0,0,0,0,0,1,1,1,1,0,1,1,0,0,0,0,0,0,0,0,0,0,1,1,1,1,0,0,68,78.0,1,Blockchain Infrastructure
Agrello,BTC,0,Utility-token,130271020.0,ERC-20,0,0,1,1,35.0,0,0,0,0,0,0.0,0,0,0,0.0,0.0,1,0,No,No,0,1,0,neutral,joint-stock corporation,Estonia,"Valukoja 8, 11415 Tallinn, Estonia",0,0,0,0,0,1,0,0,0,0,0,Legal,0x07e3c70653548b04f0a75970c1f81b4cbbfb606f,7/16/2017,8/17/2017,30.0,1,1,0,BTC,BTC,0.0,23.0,0,0,0,0,1,1,1,0,0,1,1,0,0,0,0,0,1,0,0,1,0,0,0,1,0,1,0,33,33.0,0,Legal
AidCoin,ETH,1,Cryptocurrency,100000000.0,ERC-20,0,0,1,1,28.0,0,0,4,0,0,1.0,0,1,0,1.0,0.0,0,1,No,Vulpem,0,0,1,medium,joint-stock corporation,Switzerland,"via Giuseppe Motta 10, 6830 Chiasso - Switzerland",0,0,0,0,0,1,1,0,0,1,1,Charity,0x37e8789bb9996cac9156cd5f5fd32599e6b91289,1/16/2018,1/16/2018,16.0,0,1,1,ETH,ETH,1.0,0.0,0,0,0,1,1,1,1,0,1,1,1,1,0,1,0,0,1,0,0,0,1,0,1,1,0,1,0,1,17.0,1,Charity
Aigang,ETH,1,Utility-token,29274567.0,ERC-20,0,0,1,1,32.0,1,1,0,0,1,1.0,1,1,0,0.0,0.0,1,0,No,No,0,1,1,neutral,joint-stock corporation,Singapore,Superposition Technologies Pte. Ltd. 201721187N 22 North Canal Road #02-00,0,0,0,0,0,0,1,1,1,0,0,Insurance,0x1063ce524265d5a3a624f4914acd573dd89ce988,11/15/2017,12/15/2017,4.0,1,1,0,ETH,ETH,0.0,13.0,0,0,0,1,1,1,1,0,0,1,1,0,0,0,0,0,1,0,0,1,0,0,0,1,0,1,0,31,31.0,1,Insurance
AirToken,USD,1,Utility-token,1491492558.0,ERC-20,0,0,1,1,46.0,1,1,2,1,0,1.0,0,1,0,0.0,0.0,0,1,Right Side Capital Management; Techstars; Project 11 Ventures; NXT ventures; Launch Capital,No,0,0,0,medium,joint-stock corporation,United States,"207 South Street Suite 172 Boston, MA 02111",0,0,0,0,0,1,0,1,0,0,0,Finance,0x27dce1ec4d3f72c3e457cc50354f1f975ddef488,9/30/2017,10/7/2017,15.0,0,1,1,USD,USD,0.0,23.0,0,0,0,0,1,1,1,0,0,1,1,1,1,0,0,0,1,0,0,1,0,0,0,1,0,1,0,8,72.0,0,Finance
ALIS,ETH,1,Utility-token,75209200.0,ERC-20,1,0,0,1,26.0,0,0,0,0,1,1.0,1,1,0,1.0,0.0,1,0,No,No,0,0,1,unknown,joint-stock corporation,Japan,"ALIS CO., Ltd., Kawara Bld.6F, 1-20-7, Jinnan, Shibuya-ku, Tokyo, 150-0041",0,0,0,0,0,0,0,0,0,0,0,Social Networks,0xea610b1153477720748dc13ed378003941d84fab,9/1/2017,9/29/2017,4.0,0,1,1,ETH,ETH,0.0,31.0,0,0,0,1,1,1,1,0,0,1,1,0,0,0,1,0,0,0,0,1,0,0,0,1,0,1,0,29,29.0,1,Social Networks
Ambrosus,ETH,1,Utility-token,1151773038.0,ERC-20,0,0,1,1,37.0,0,0,1,0,1,1.0,0,1,1,1.0,0.0,1,0,No,No,0,1,1,high,limited liability partnership,Switzerland,"Gotthardstrasse 26, 6300 Zug",0,0,0,0,0,1,1,0,0,0,0,Provenance & Notary,0x4dc3643dbc642b72c158e7f3d2ff232df61cb6ce,9/17/2017,10/20/2017,56.0,1,1,0,ETH,ETH,0.0,0.0,0,0,0,1,1,1,1,0,1,1,1,0,0,0,0,1,1,0,0,1,0,0,0,1,0,0,1,34,31.0,1,Provenance & Notary
AppCoins,USD,0,Utility-token,245000000.0,ERC-20,0,0,1,1,45.0,1,1,2,1,0,1.0,1,1,0,1.0,0.0,1,0,Catagonia Limited,No,0,1,1,high,joint-stock corporation,Singapore,"30 Cecil St, #19-08, Prudential Tower, Singapore 049712.",0,0,0,0,0,1,1,1,0,0,1,Marketplaces,0x1a7a8bd9106f2b8d977e08582dc7d24c723ab0db,12/13/2017,12/20/2017,17.0,0,1,1,USD,USD,0.0,20.0,0,0,0,1,1,1,1,0,0,1,1,1,1,0,0,1,1,0,0,1,0,0,0,1,0,1,0,8,34.0,0,Marketplaces
Arbidex (ABX),tokens,1,Utility-token,25000000.0,ERC-20,0,0,1,1,28.0,1,1,2,0,1,0.0,0,1,0,0.0,0.0,1,0,No,No,1,0,0,low,joint-stock corporation,United Kingdom,"DEX Corp Ltd., 85 Great Portland Street, First Floor, London, United Kingdom W1W 7LT",0,0,0,0,0,1,1,1,0,0,0,Trading & Exchanges,0x9a794dc1939f1d78fa48613b89b8f9d0a20da00e,1/23/2018,2/28/2018,16.0,0,1,1,tokens,tokens,1.0,0.0,0,0,0,1,1,1,1,0,0,1,1,0,0,0,1,0,1,0,0,1,0,0,0,1,0,1,0,37,37.0,1,Trading & Exchanges
ATLANT,USD,1,Security,54175041.0,ERC-20,0,0,1,1,40.0,1,1,1,0,1,1.0,0,1,0,0.0,0.0,1,0,No,No,1,1,0,high,joint-stock corporation,British Virgin Islands,unknown,0,0,0,0,0,0,1,1,1,0,0,Real Estate,0x78b7fada55a64dd895d8c8c35779dd8b67fa8a05,9/7/2017,10/31/2017,7.0,0,1,1,USD,USD,1.0,16.0,0,0,0,0,1,1,0,1,0,1,1,0,0,0,0,1,1,0,1,0,0,0,0,1,0,1,0,55,55.0,1,Real Estate
Aventus,tokens,1,Utility-token,10000000.0,ERC-20,0,0,1,1,18.0,1,1,1,0,1,1.0,0,0,0,0.0,0.0,1,0,No,Global Advisors,1,0,0,unknown,joint-stock corporation,United Kingdom,"Kemp House 160 City Road, London, United Kingdom, EC1V 2NX ",0,0,0,0,0,0,0,0,0,0,0,Events & Entertainment,0x0d88ed6e74bbfd96b831231638b66c05571e824f,9/6/2017,9/6/2017,20.0,0,1,1,tokens,tokens,4.0,0.0,0,1,1,0,1,1,1,0,0,1,1,1,0,1,1,0,1,0,0,1,0,0,0,0,0,1,0,1,8.0,1,Events & Entertainment
aXpire,USD,1,Utility-token,350000000.0,ERC-223,0,0,0,1,24.0,0,0,1,0,0,1.0,1,0,0,0.0,0.0,1,0,No,No,0,1,0,high,unknown,Singapore,unknown,0,0,0,0,0,1,0,1,0,0,0,Finance,0x9af2c6b1a28d3d6bc084bd267f70e90d49741d5b,1/8/2018,1/12/2018,20.0,0,1,1,USD,USD,0.0,30.0,0,0,0,0,1,0,0,0,0,1,1,0,0,0,0,1,1,0,0,1,0,0,0,1,0,0,0,5,74.0,1,Finance
B2BX,EUR,1,Utility-token,19822337.0,ERC-20,0,0,1,1,37.0,1,1,3,1,1,0.0,0,1,0,0.0,0.0,1,0,No,No,0,1,1,high,limited liability partnership,United Kingdom,"3rd floor, fairgate House, 78 Oxford Street, London, United Kingdom, WC1A 1HB",0,0,0,0,0,0,1,1,0,1,0,Trading & Exchanges,0x5d51fcced3114a8bb5e90cdd0f9d682bcbcc5393,10/2/2017,11/17/2017,10.0,1,1,1,EUR,EUR,1.0,15.0,0,0,0,1,1,1,1,0,0,1,1,0,0,0,0,1,1,0,0,1,0,0,0,1,0,0,1,47,47.0,1,Trading & Exchanges
Bancor,tokens,1,Utility-token,79300000.0,ERC-20,0,0,0,0,13.0,0,0,4,0,0,0.0,1,1,0,1.0,0.0,1,0,No,Blockchain Capital; Draper Associates,0,1,1,high,foundation,Switzerland,"Bprotocol Stiftung, c/o Sielva Management SA, Gubelstrasse 11, 6300 Zug",1,0,0,0,0,0,0,0,0,0,0,Trading & Exchanges,0x1f573d6fb3f13d689ff844b4ce37794d79a7ff1c,6/12/2017,6/12/2017,159.0,0,1,0,tokens,tokens,4.0,0.0,0,0,0,1,1,1,1,0,1,1,1,1,0,1,0,1,1,0,0,1,0,0,0,1,1,0,0,1,15.0,1,Trading & Exchanges
Bankex,ETH,1,Utility-token,400000000.0,ERC-20,0,0,1,1,36.0,1,1,2,1,1,1.0,0,1,0,1.0,0.0,0,1,No,No,0,1,1,high,unknown,Cayman Islands,"BKX, PO Box 309, Ugland House, Grand Cayman, KY1-1104",0,0,0,0,0,1,1,0,0,0,0,Finance,0x45245bc59219eeaaf6cd3f382e078a461ff9de7b,11/28/2017,12/26/2017,74.0,0,1,1,ETH,ETH,1.0,9.0,1,0,0,0,1,0,1,1,0,1,1,0,0,0,0,1,1,0,0,1,0,0,0,1,0,0,0,29,31.0,0,Finance
Basic Attention Token,ETH,1,Utility-token,1500000000.0,ERC-20,0,0,0,1,37.0,1,1,1,1,0,1.0,1,1,0,0.0,0.0,0,1,Foundation Capital; Founders Fund; Propel Venture Partners; Danhua Capital,Huiyin Blockchain Venture; Pantera capital; Digital Currency Group; Digital Finance Group,0,1,1,high,joint-stock corporation,Cayman Islands,unknown,0,0,0,0,0,0,0,0,0,0,0,Commerce & Advertising,0x0d8775f648430679a709e98d2b0cb6250d2887ef,5/31/2017,5/31/2017,36.0,0,1,1,ETH,ETH,0.0,0.0,0,0,0,1,1,1,0,1,0,1,1,1,1,1,0,1,1,0,0,1,0,0,0,1,0,1,0,1,1.0,1,Commerce & Advertising
Betmaster,tokens,1,Security,6670017.0,ERC-20,0,0,0,1,40.0,1,1,2,1,1,0.0,0,0,0,0.0,0.0,0,1,No,No,0,0,1,unknown,joint-stock corporation,Estonia,"Reinvent Baltics OÜ Harju maakond, Tallinn, Kesklinna linnaosa, Roosikrantsi tn 2-K331, 10119 ",0,0,0,0,0,1,0,0,1,0,0,Gambling & Betting,unknown,9/6/2017,12/31/2017,5.0,1,1,0,tokens,tokens,1.0,23.0,0,0,1,0,1,1,1,0,0,1,1,0,0,0,1,0,1,0,1,0,0,0,0,0,0,1,0,117,117.0,1,Gambling & Betting
Bitbounce,USD,0,Utility-token,1374729257.0,ERC-20,0,0,1,0,36.0,1,1,3,1,1,1.0,0,0,0,1.0,0.0,0,1,No,Tim Draper,0,0,1,high,joint-stock corporation,United States,"Turing Technology, Inc., 655 Oak Grove Ave #1, Menlo Park, CA 94025",0,0,0,0,0,0,0,0,0,0,1,Communications,0x4e0603e2a27a30480e5e3a4fe548e29ef12f64be,7/26/2017,8/29/2017,12.0,1,1,1,USD,USD,0.0,0.0,0,0,1,0,1,1,1,0,0,1,1,1,0,1,0,1,1,0,0,1,0,0,0,1,0,1,0,35,1.0,1,Communications
BitClave,USD,1,Cryptocurrency,2000000000.0,ERC-20,0,0,1,1,51.0,1,1,1,0,0,1.0,1,1,0,1.0,0.0,1,0,No,No,0,1,1,high,joint-stock corporation,Singapore,unknown,0,0,0,0,0,1,1,1,1,1,1,Search,0x1234567461d3f8db7496581774bd869c83d51c93,11/29/2017,12/29/2017,26.0,0,1,0,USD,USD,0.0,0.0,0,0,0,1,1,1,0,0,0,1,1,0,0,0,0,1,1,0,0,0,1,0,1,1,0,1,0,31,1.0,0,Search
BitDegree,ETH,1,Utility-token,660000000.0,ERC-20,0,0,0,1,36.0,1,1,1,0,1,1.0,0,1,0,0.0,0.0,0,1,No,No,0,1,1,neutral,joint-stock corporation,Lithuania,"Veiveri? str. 139, Kaunas",0,0,0,0,0,1,0,0,1,1,1,Online-learning,0x1961b3331969ed52770751fc718ef530838b6dee,11/30/2017,12/29/2017,23.0,0,1,1,ETH,ETH,0.0,13.0,0,0,0,1,1,1,1,0,0,1,1,0,0,0,0,0,1,0,0,1,0,0,0,1,0,1,0,30,30.0,1,Online-learning
BitDice,tokens,0,Security,100000000.0,ERC-223,0,1,1,1,24.0,1,1,1,1,1,1.0,1,1,0,0.0,0.0,0,1,No,No,0,0,0,unknown,joint-stock corporation,Costa Rica,unknown,0,0,0,0,0,0,0,0,0,0,0,Gambling & Betting,0x29d75277ac7f0335b2165d0895e8725cbf658d73,8/15/2017,9/15/2017,9.0,0,1,0,tokens,tokens,0.0,13.0,0,1,1,0,1,1,0,0,0,1,1,0,0,0,1,0,1,0,1,0,0,0,0,0,0,1,0,32,32.0,1,Gambling & Betting
Bitquence,ETH,1,Utility-token,222295208.0,ERC-20,0,0,0,1,24.0,0,0,0,0,1,1.0,0,0,0,0.0,0.0,1,0,No,No,0,0,0,unknown,joint-stock corporation,Singapore,BITQUENCE PTE. LTD. 101 CECIL STREET #18-12 TONG ENG BUILDING SINGAPORE 069533,0,0,0,0,0,1,1,1,0,0,0,Finance,0x5af2be193a6abca9c8817001f45744777db30756,6/28/2017,7/16/2017,0.0,0,1,1,ETH,ETH,0.0,73.0,0,0,0,0,1,1,1,0,0,1,1,0,0,0,1,0,1,0,0,1,0,0,0,0,0,1,0,19,19.0,1,Finance
Blackmoon Crypto,USD,1,Security,60000000.0,ERC-20,0,0,1,1,10.0,1,0,3,1,0,1.0,0,0,0,1.0,0.0,1,0,No,No,0,0,1,high,joint-stock corporation,Cayman Islands,"Harbour Place, 103 South Church Street, P.O. Box 10240, Grand Cayman, KY1-1002, Cayman Islands",0,0,0,0,0,1,1,1,0,0,0,Finance,0xdf6ef343350780bf8c3410bf062e0c015b1dd671,9/12/2017,9/13/2017,30.0,0,1,0,USD,USD,1.0,9.0,0,0,0,1,1,1,1,1,0,1,1,0,0,0,0,1,1,0,1,0,0,0,0,0,0,1,0,2,30.0,1,Finance
Block Array,USD,1,Utility-token,88409933.0,ERC-20,0,0,1,1,33.0,1,1,1,0,0,1.0,1,1,0,0.0,0.0,0,1,No,No,0,1,0,high,limited liability partnership,United States,unknown,0,0,0,0,0,1,0,1,0,0,0,Data Analytics,0xa5f8fc0921880cb7342368bd128eb8050442b1a1,12/22/2017,1/8/2018,8.0,0,1,1,USD,USD,0.0,23.0,0,0,0,1,1,1,0,0,0,1,1,0,0,0,0,1,1,0,0,1,0,0,0,1,0,0,1,18,24.0,0,Data Analytics
BlockCAT,ETH,1,Utility-token,9200151.0,ERC-20,0,0,0,1,21.0,0,0,0,0,1,1.0,0,1,0,0.0,0.0,1,0,No,No,1,0,0,neutral,joint-stock corporation,Canada,"BlockCAT Technologies Inc., PO Box 30100 Glenpark PO, Kelowna, BC, Canada V1V 2M4",0,0,1,0,0,0,0,0,0,0,0,Payments,0x56ba2ee7890461f463f7be02aac3099f6d5811a8,7/15/2017,8/18/2017,7.0,1,1,1,ETH,ETH,1.0,9.0,0,0,0,1,1,1,1,0,0,1,1,0,0,0,0,0,1,0,0,1,0,0,0,0,0,1,0,35,33.0,1,Payments
Blocktix,USD,1,Utility-token,62500000.0,ERC-20,0,0,1,1,9.0,0,0,1,0,1,1.0,1,0,0,0.0,0.0,1,0,No,No,1,0,0,low,joint-stock corporation,Netherlands,"Blocktix N.V., Nieuw-Eyckholt 292 E, 6419DJ Heerlen",0,0,1,0,0,0,1,0,0,0,0,Events & Entertainment,0xea1f346faf023f974eb5adaf088bbcdf02d761f4,7/7/2017,7/28/2017,7.0,0,1,1,USD,USD,0.0,17.0,0,0,0,1,1,1,1,0,0,1,1,0,0,0,1,0,1,0,0,1,0,0,0,1,0,1,0,22,19.0,1,Events & Entertainment
BLOCKv,USD,0,Utility-token,3646271241.0,ERC-20,0,1,1,1,27.0,1,0,1,1,1,1.0,0,1,0,1.0,0.0,1,0,No,No,0,1,1,neutral,joint-stock corporation,Switzerland,"Blockv AG, Landsgemeindeplatz 11, 6300 Zug",0,0,0,0,0,1,0,0,0,1,0,Blockchain Infrastructure,0x340d2bde5eb28c1eed91b2f790723e3b160613b7,9/16/2017,10/25/2017,22.0,0,1,0,USD,USD,0.0,0.0,0,0,0,1,1,1,1,0,1,1,1,0,0,0,0,0,1,0,0,1,0,0,0,1,0,1,0,40,40.0,1,Blockchain Infrastructure
Bloom,USD,1,Utility-token,150000000.0,ERC-20,0,0,1,1,17.0,1,0,1,0,0,0.0,0,0,0,1.0,0.0,0,1,No ,Pantera Capital,0,1,1,high,joint-stock corporation,Gibraltar,unknown,0,0,0,0,0,1,0,0,0,0,0,Finance,0x107c4504cd79c5d2696ea0030a8dd4e92601b82e,11/30/2017,1/1/2018,40.0,0,1,1,USD,USD,1.0,0.0,0,0,0,0,1,1,0,1,0,1,1,1,1,1,0,1,1,0,0,1,0,0,0,1,0,1,0,33,33.0,0,Finance
Bluzelle,USD,1,Utility-token,500000000.0,ERC-20,0,0,1,1,42.0,0,0,3,0,0,1.0,0,1,0,1.0,0.0,0,1,Global Brains; True Global Ventures; LUN partners,Kenetic Capital,0,1,1,high,joint-stock corporation,Singapore,"16 Raffles Quay, Level 2, Hong Leong Building Singapore, 048581",0,0,0,0,0,1,0,1,1,1,0,Data Analytics,0x5732046a883704404f284ce41ffadd5b007fd668,1/17/2018,1/20/2018,16.0,0,1,0,USD,USD,0.0,0.0,0,0,0,1,1,1,1,0,0,1,1,1,1,1,0,1,1,0,0,1,0,0,0,1,0,1,0,4,4.0,1,Data Analytics
Bounty0x,USD,1,Utility-token,500000000.0,ERC-20,0,0,1,1,25.0,1,1,0,0,1,1.0,0,0,0,1.0,0.0,0,1,No,No,1,0,0,neutral,joint-stock corporation,Cayman Islands,unknown,0,0,0,0,0,0,1,1,0,0,0,Search,0xd2d6158683aee4cc838067727209a0aaf4359de3,12/15/2017,12/16/2017,2.0,0,1,1,USD,USD,0.0,0.0,0,0,0,1,1,1,0,1,0,1,1,0,0,0,0,0,1,0,0,1,0,0,0,1,0,1,0,2,18.0,1,Search
Bread,USD,1,Utility-token,88894087.0,ERC-20,0,0,1,1,15.0,1,1,4,1,1,1.0,1,0,0,0.0,0.0,1,0,Saison Ventures; OKWave; Liberty City Ventures; Globe Advisors; East Ventures; Das Capital,No,0,1,1,neutral,joint-stock corporation,Cayman Islands,unknown,0,0,0,0,0,1,0,0,1,1,1,Payments,0x558ec3152e2eb2174905cd19aea4e34a23de9ad6,12/14/2017,12/24/2017,44.0,0,1,0,USD,USD,1.0,20.0,0,0,0,1,1,1,0,1,0,1,1,1,1,0,0,0,1,0,0,1,0,0,0,0,0,1,0,11,11.0,1,Payments
CarTaxi Token,ETH,0,Security,71349626.0,ERC-20,0,0,1,1,37.0,1,1,0,1,1,1.0,0,1,0,0.0,0.0,1,0,No,No,0,1,1,medium,joint-stock corporation,Russian Federation,"49 Vyborgskaya embankment, Saint Petersburg",0,0,0,0,0,0,1,1,0,0,0,Marketplaces,0x662abcad0b7f345ab7ffb1b1fbb9df7894f18e66,9/29/2017,10/31/2017,9.0,0,1,0,ETH,ETH,0.0,13.0,0,0,0,1,1,1,1,0,0,1,1,0,0,0,0,0,1,1,1,0,0,0,0,0,0,1,0,33,31.0,1,Marketplaces
Cashaa,USD,1,New Blockchain,1000000000.0,ERC-20,0,0,1,1,33.0,1,1,1,1,1,1.0,1,1,0,0.0,0.0,1,0,No,No,1,1,1,high,joint-stock corporation,Estonia,"Harju maakond, Tallinn, Lasnamäe linnaosa, Valukoja tn 8, 11415",0,0,0,0,0,1,1,0,0,0,0,Finance,0xe8780b48bdb05f928697a5e8155f672ed91462f7,11/6/2017,12/6/2017,14.0,1,1,1,USD,USD,0.0,29.0,1,0,0,1,1,1,1,0,0,1,1,0,0,0,0,1,1,0,0,0,0,1,1,1,0,1,0,31,31.0,0,Finance
Centra,ETH,1,unknown,100000000.0,ERC-20,0,0,1,1,18.0,0,0,2,0,0,1.0,0,0,0,0.0,0.0,0,1,No,No,0,0,0,low,joint-stock corporation,United States,unknown,0,0,0,0,0,0,0,0,0,0,0,Payments,0x96a65609a7b84e8842732deb08f56c3e21ac6f8a,9/19/2017,10/2/2017,36.0,0,1,0,ETH,ETH,1.0,0.0,0,0,0,0,1,1,0,0,0,1,1,0,0,0,1,0,1,1,0,0,0,0,0,1,0,1,0,14,17.0,1,Payments
ChainLink,ETH,1,Utility-token,1000000000.0,ERC-223,0,0,1,0,38.0,1,0,3,0,0,0.0,1,0,0,0.0,0.0,0,1,No,No,0,0,0,high,joint-stock corporation,United States,"50 California Street, Suite 1500
San Francisco, CA, 94111",0,0,0,0,0,0,0,0,0,0,0,Blockchain Infrastructure,0x514910771af9ca656af840dff83e8264ecf986ca,9/19/2017,9/19/2017,32.0,0,1,0,ETH,ETH,0.0,28.0,0,0,0,0,1,1,1,0,0,1,1,0,0,0,0,1,1,0,0,1,0,0,0,1,0,1,0,1,31.0,0,Blockchain Infrastructure
Change,ETH,1,Cryptocurrency,79184116.0,ERC-20,0,0,1,1,12.0,1,1,1,0,0,1.0,0,1,0,1.0,0.0,0,1,No,No,0,1,0,high,joint-stock corporation,Estonia,"Harju maakond, Tallinn, Kesklinna linnaosa,   Viru väljak 2, 10111",1,1,0,0,0,1,1,1,0,0,0,Finance,0x7d4b8cce0591c9044a22ee543533b72e976e36c3,9/16/2017,10/16/2017,17.0,0,1,0,ETH,ETH,1.0,17.0,0,0,0,0,1,1,1,0,0,1,1,0,0,0,0,1,1,0,0,0,1,0,1,1,0,1,0,31,31.0,1,Finance
Chronobank,BTC,1,Security,710113.0,ERC-20,0,0,0,0,9.0,0,0,0,0,1,1.0,1,0,0,0.0,0.0,1,0,No,No,0,1,1,low,joint-stock corporation,Australia,unknown,0,0,0,0,0,0,0,0,0,0,0,Marketplaces,0x6531f133e6deebe7f2dce5a0441aa7ef330b4e53,12/13/2016,2/14/2017,5.0,0,0,1,BTC,BTC,10.0,0.0,0,0,0,0,1,1,0,0,0,1,1,0,0,0,1,0,1,0,1,0,0,0,0,0,0,1,0,64,64.0,1,Marketplaces
Cindicator,USD,1,Utility-token,2000000004.0,ERC-20,0,0,0,1,37.0,1,1,2,1,0,1.0,1,1,0,0.0,0.0,0,1,Starta Accelerator,Bitfin Capital; Token Fund,0,0,1,high,joint-stock corporation,Gibraltar,unknown,0,0,0,0,0,1,1,1,1,0,0,Finance,0xd4c435f5b09f855c3317c8524cb1f586e42795fa,9/10/2017,10/12/2017,17.0,0,1,0,USD,USD,0.0,0.0,0,0,0,0,1,1,0,1,0,1,1,1,1,1,0,1,1,0,0,1,0,0,0,1,0,1,0,33,33.0,1,Finance
Civic,USD,1,Utility-token,1000000000.0,ERC-20,0,0,1,1,18.0,1,1,2,0,0,1.0,1,1,0,1.0,0.0,0,1,Propel Venture Partners,Blockchain Capital; Pantera Capital; Digital Currency Group,0,1,1,high,joint-stock corporation,United States," Civic Technologies, Inc., 540 Bryant Street, Suite 200, Palo Alto, CA 94301",0,0,0,0,0,1,0,0,0,0,0,Identity & Reputation,0x41e5560054824ea6b0732e656e3ad64e20e94e45,6/21/2017,6/28/2017,33.0,0,1,0,USD,USD,0.0,0.0,0,0,0,0,1,1,1,0,0,1,1,1,1,1,0,1,1,0,0,1,0,0,0,1,0,1,0,8,2.0,1,Identity & Reputation
Clout,USD,0,Utility-token,100000000.0,ERC-223,1,0,1,1,41.0,1,0,0,0,1,0.0,1,1,0,1.0,0.0,0,1,No,No,0,0,0,low,joint-stock corporation,Gibraltar,unknown,0,0,0,0,0,1,1,1,0,0,0,Media,0x5ba49fcf7c9dce67d6a9fc92cc51c8e77cba5b7a,11/15/2017,12/17/2017,3.0,1,1,1,USD,USD,6.0,75.0,0,0,0,1,1,1,0,1,0,1,1,0,0,0,1,0,0,0,0,1,0,0,0,1,0,1,0,33,33.0,1,Media
Cobinhood,tokens,0,Security,1000000000.0,ERC-20,0,0,1,1,18.0,0,0,0,0,1,0.0,0,1,0,0.0,0.0,0,1,Infinity Ventures,No,0,0,1,neutral,joint-stock corporation,Cayman Islands," BEING Inc., The Grand Pavilion Commercial Centre, Oleander Way, 802 West Bay Road, P.O. Box 32052, Grand Cayman KY1-1208 Cayman Islands.",0,0,0,0,0,0,1,1,0,1,0,Trading & Exchanges,0xb2f7eb1f2c37645be61d73953035360e768d81e6,9/13/2017,10/22/2017,14.0,0,1,0,tokens,tokens,0.0,29.0,0,0,0,1,1,1,1,1,0,1,1,1,1,0,0,0,1,1,1,0,0,0,0,0,0,1,0,40,40.0,0,Trading & Exchanges
Cofound.it,ETH,1,Utility-token,500000000.0,ERC-20,0,1,0,1,17.0,0,0,0,0,1,0.0,0,1,0,1.0,0.0,1,0,No,No,0,1,1,high,joint-stock corporation,British Virgin Islands,unknown,0,0,0,0,0,0,0,0,1,1,0,Finance,0x12fef5e57bf45873cd9b62e9dbd7bfb99e32d73e,6/4/2017,6/7/2017,15.0,0,1,1,ETH,ETH,0.0,92.0,0,0,0,1,1,1,0,1,0,1,1,0,0,0,0,1,1,0,0,1,0,0,0,1,0,1,0,4,32.0,1,Finance
COPYTRACK,tokens,0,Utility-token,53000748.0,ERC-20,0,0,1,1,29.0,0,0,2,0,1,1.0,0,0,0,0.0,0.0,1,0,Catagonia Limited,No,0,1,1,high,joint-stock corporation,Germany,Oranienburger Str. 4 10178 Berlin,0,0,0,0,0,0,1,1,0,0,0,Privacy & Security,0xf44745fbd41f6a1ba151df190db0564c5fcc4410,1/9/2018,2/9/2018,15.0,-1,1,1,tokens,tokens,1.0,20.0,0,0,0,1,1,1,1,0,0,1,1,1,1,0,0,1,1,0,0,1,0,0,0,0,0,1,0,32,32.0,0,Privacy & Security
Covesting,ETH,0,Utility-token,20000000.0,ERC-20,0,0,1,1,41.0,1,1,0,0,1,1.0,0,1,0,0.0,0.0,1,0,No,No,0,1,1,unknown,joint-stock corporation,Gibraltar,unknown,0,0,0,0,0,0,1,1,0,0,0,Finance,0xe2fb6529ef566a080e6d23de0bd351311087d567,11/24/2017,12/31/2017,20.0,1,1,0,ETH,ETH,1.0,35.0,0,0,0,1,1,1,0,1,0,1,1,0,0,0,1,0,1,0,0,1,0,0,0,1,0,1,0,38,53.0,1,Finance
CrowdWiz,USD,1,Security,11169314.0,ERC-20,0,0,1,1,48.0,1,1,1,0,1,0.0,0,1,0,0.0,0.0,1,0,No,No,1,0,1,neutral,joint-stock corporation,Estonia,"Crowdwiz Ltd.,  Harju maakond, Tallinn, Lasnamäe linnaosa, Narva mnt 174c/1-8, 13914 ",0,0,0,0,0,0,1,1,1,0,0,Finance,unknown,11/20/2017,1/31/2018,7.0,0,1,1,USD,USD,1.0,13.0,0,0,1,1,1,1,1,0,0,1,1,0,0,0,0,0,1,0,1,0,0,0,0,0,0,1,0,73,73.0,0,Finance
Crypterium,USD,1,Utility-token,300000000.0,ERC-20,0,0,1,0,35.0,1,0,5,0,1,1.0,0,0,0,0.0,0.0,1,0,No,No,0,1,1,high,joint-stock corporation,Estonia,"Harju maakond, Tallinn, Kesklinna linnaosa, A. Lauteri tn 5, 10114",0,0,0,0,0,1,0,0,1,0,0,Payments,0x80a7e048f37a50500351c204cb407766fa3bae7f,10/31/2017,1/5/2018,55.0,1,1,1,USD,USD,0.0,25.0,0,0,0,1,1,1,1,0,0,1,1,0,0,0,0,1,1,0,0,1,0,0,0,0,0,1,0,67,74.0,0,Payments
CRYPTO20,tokens,1,Security,86206896.0,ERC-20,0,0,1,1,16.0,1,1,0,0,0,0.0,0,1,0,0.0,0.0,1,0,No,No,0,1,1,high,joint-stock corporation,Cayman Islands,unknown,0,0,0,0,0,1,1,1,1,0,0,Finance,0x26e75307fc0c021472feb8f727839531f112f317,10/16/2017,11/30/2017,35.0,1,1,1,tokens,tokens,1.0,9.0,0,0,0,1,1,1,0,1,0,1,1,0,0,0,0,1,1,0,1,0,0,0,0,0,0,1,0,46,46.0,1,Finance
Cryptopay,tokens,1,Security,90414745.0,ERC-20,0,0,0,0,28.0,1,1,5,1,1,1.0,0,0,0,0.0,0.0,1,0,No,Seedcoin,0,0,0,neutral,foundation,Cayman Islands,"CPAY Foundation Limited, c/o ARKA Corporate Services (Cayman) Limited, 67 Fort Street, 1st Floor, Artemis House, George Town, Grand Cayman KY1-1102",0,0,0,0,0,1,1,1,0,0,0,Payments,0x0ebb614204e47c09b6c3feb9aaecad8ee060e23e,9/25/2017,10/30/2017,18.0,0,1,0,tokens,tokens,0.0,23.0,0,0,0,1,1,1,1,1,0,1,1,1,0,1,0,0,1,0,1,0,0,0,0,0,1,0,0,36,36.0,1,Payments
CryptoPing,BTC,1,Utility-token,10000000.0,Waves,0,0,0,0,10.0,1,1,0,0,0,0.0,0,0,0,0.0,0.0,1,0,No,No,0,0,0,unknown,joint-stock corporation,Gibraltar,unknown,0,0,0,0,0,0,0,0,0,0,0,Trading & Exchanges,not applicable,5/24/2017,6/25/2017,3.0,0,1,0,BTC,BTC,0.0,13.0,0,1,1,0,1,1,0,1,0,0,1,0,0,0,1,0,1,0,0,1,0,0,0,0,0,1,0,33,33.0,1,Trading & Exchanges
DADI,USD,1,Utility-token,100000000.0,ERC-20,0,0,1,1,33.0,1,1,5,1,1,1.0,1,1,0,0.0,0.0,1,0,No,No,0,1,1,neutral,joint-stock corporation,United Kingdom,"7 Marylebone Lane, London, W1U 1DF",0,0,0,0,0,1,0,0,0,0,0,Cloud Computing,0xfb2f26f266fb2805a387230f2aa0a331b4d96fba,1/29/2018,2/28/2018,29.0,0,1,1,USD,USD,1.0,0.0,0,0,0,1,1,1,1,0,0,1,1,0,0,0,0,0,1,0,0,1,0,0,0,1,0,1,0,31,1.0,1,Cloud Computing
DAO.Casino,ETH,0,Utility-token,167270821.0,ERC-20,0,0,1,1,16.0,1,1,1,0,0,1.0,1,1,0,0.0,0.0,1,0,No,No,0,1,0,high,joint-stock corporation,Singapore,"DC Labs Pte. Ltd., 79 AYER RAJAH CRESCENT #05-08 SINGAPORE 139955",0,0,0,0,0,0,1,0,0,0,0,Gambling & Betting,0x8aa33a7899fcc8ea5fbe6a608a109c3893a1b8b2,6/29/2017,7/21/2017,12.0,0,1,0,ETH,ETH,0.0,30.0,0,0,0,1,1,1,1,0,0,1,1,0,0,0,0,1,1,0,0,1,0,0,0,0,0,1,0,23,23.0,0,Gambling & Betting
Datum,ETH,1,Utility-token,2653841597.0,ERC-20,0,0,1,1,37.0,1,1,1,0,1,0.0,0,1,0,0.0,0.0,0,1,No,No,0,1,1,neutral,limited liability partnership,Switzerland,"Datum Network GmbH,  Gotthardstrasse 26, 6300 Zug",0,0,0,0,0,1,1,1,1,0,0,Commerce & Advertising,0x81c9151de0c8bafcd325a57e3db5a5df1cebf79c,10/29/2017,11/29/2017,7.0,0,1,1,ETH,ETH,0.0,13.0,0,0,0,1,1,1,1,0,1,1,1,0,0,0,0,0,1,0,0,1,0,0,0,1,0,0,1,32,32.0,1,Commerce & Advertising
DCORP,EUR,1,Security,8094002.0,ERC-20,1,0,0,1,26.0,0,0,0,0,1,1.0,0,1,0,0.0,0.0,1,0,No,No,1,1,1,neutral,limited liability partnership,Netherlands,unknown,0,0,0,0,0,0,0,0,1,0,0,Finance,0x621d78f2ef2fd937bfca696cabaf9a779f59b3ed,6/1/2017,6/29/2017,5.0,0,1,1,EUR,EUR,1.0,38.0,0,0,0,1,1,1,0,0,0,1,1,0,0,0,0,0,0,0,1,0,0,0,0,0,0,0,1,29,29.0,1,Finance
Debitum Network (DBT),ETH,1,Utility-token,400000000.0,ERC-223,0,0,0,1,88.0,0,0,0,0,1,1.0,1,1,0,1.0,0.0,0,1,No,No,0,0,1,unknown,joint-stock corporation,Gibraltar,unknown,0,1,0,0,0,1,1,0,1,1,1,Finance,0x151202c9c18e495656f372281f493eb7698961d5,12/7/2017,2/26/2018,21.0,-1,1,0,ETH,ETH,0.0,25.0,1,0,1,1,1,1,0,1,0,1,1,0,0,0,1,0,1,0,0,1,0,0,0,1,0,1,0,82,82.0,1,Finance
Decentraland,ETH,1,Utility-token,2644403342.0,ERC-20,1,0,0,1,15.0,1,1,2,1,0,1.0,1,1,0,1.0,0.0,1,0,No,Kenetic Capital,0,0,0,medium,joint-stock corporation,Cayman Islands,unknown,0,0,0,0,0,0,1,1,0,0,0,Video Games & VR,0x0f5d2fb29fb7d3cfee444a200298f468908cc942,8/17/2017,8/17/2017,26.0,0,1,0,ETH,ETH,0.0,40.0,0,0,0,1,1,1,0,1,0,1,1,1,0,1,0,0,0,0,0,1,0,0,0,1,0,1,0,1,10.0,1,Video Games & VR
Devery,USD,1,Utility-token,100000000.0,ERC-20,0,0,1,1,11.0,0,0,0,0,0,1.0,0,0,0,0.0,0.0,1,0,No,No,0,0,0,high,unknown,Cayman Islands,unknown,0,0,0,0,0,1,1,1,0,0,0,Privacy & Security,0x923108a439c4e8c2315c4f6521e5ce95b44e9b4c,12/14/2017,1/19/2018,10.0,0,1,0,USD,USD,0.0,0.0,0,0,0,1,1,0,0,1,0,1,1,0,0,0,0,1,1,0,0,1,0,0,0,1,0,0,0,37,50.0,1,Privacy & Security
DigixDAO,USD,1,Security,2000000.0,ERC-20,1,1,0,0,22.0,1,1,0,0,1,1.0,1,1,0,0.0,0.0,1,0,No,No,1,0,0,unknown,joint-stock corporation,Singapore,"DigixGlobal Pte Ltd, 10 Anson Road #05-17, International Plaza, Singapore 079903",0,0,0,0,0,0,0,0,0,0,0,Finance,0xe0b7927c4af23765cb51314a0e0521a9645f0e2a,3/30/2016,3/30/2016,6.0,0,1,1,USD,USD,3.0,0.0,0,1,1,0,1,1,1,0,0,1,1,0,0,0,1,0,0,0,1,0,0,0,0,0,0,1,0,1,1.0,1,Finance
district0x,USD,1,Utility-token,1000000000.0,ERC-20,0,1,0,1,23.0,1,1,0,1,0,1.0,1,1,0,0.0,0.0,1,0,No,BoostVC; Fintech Blockchain Group; CoinFund,1,0,0,medium,joint-stock corporation,United States,unknown,0,0,1,0,0,0,1,1,0,0,0,Marketplaces,0x0abdace70d3790235af448c88547603b945604ea,7/18/2017,8/1/2017,10.0,0,1,1,USD,USD,0.0,0.0,0,0,0,1,1,1,0,0,0,1,1,1,0,1,0,0,1,0,0,1,0,0,0,1,0,1,0,15,15.0,1,Marketplaces
Divi,ETH,1,Cryptocurrency,6206858.0,ERC-20,1,0,1,0,21.0,0,0,0,0,1,1.0,0,1,0,0.0,0.0,1,0,No,No,1,1,1,high,unknown,unknown,unknown,0,0,0,0,0,0,0,0,0,0,1,Payments,0x13f11c9905a08ca76e3e853be63d4f0944326c72,10/27/2017,11/25/2017,3.0,0,1,1,ETH,ETH,1.0,23.0,0,0,0,1,1,0,0,0,0,1,1,0,0,0,0,1,0,0,0,0,1,0,1,1,0,0,0,30,30.0,0,Payments
DMarket,tokens,0,New Blockchain,56921773.0,ERC-20,0,0,1,1,29.0,1,1,9,1,0,1.0,0,1,0,0.0,0.0,0,1,No,Pantera Capital,0,1,0,high,joint-stock corporation,Gibraltar,unknown,0,0,0,0,0,1,1,1,0,0,0,Video Games & VR,0x2ccbff3a042c68716ed2a2cb0c544a9f1d1935e1,10/30/2017,11/28/2017,19.0,0,1,0,tokens,tokens,1.0,0.0,0,0,0,0,1,1,0,1,0,1,1,1,0,1,0,1,1,0,0,0,0,1,1,1,0,1,0,30,30.0,1,Video Games & VR
doc.ai,tokens,1,Utility-token,860000000.0,ERC-20,0,0,1,1,17.0,0,0,1,0,0,0.0,0,1,0,1.0,0.0,0,1,S2 Capital; F50; Comet Labs; Legend Star,Pantera Capital,0,1,1,unknown,joint-stock corporation,United States,"540 Bryant St Suite 200, Palo Alto, CA 94301",0,0,0,0,0,1,1,1,1,0,0,Drugs & Healthcare,unknown,9/7/2017,10/12/2017,10.0,0,1,0,tokens,tokens,0.0,10.0,1,0,0,1,1,1,1,0,0,1,1,1,1,1,1,0,1,0,0,1,0,0,0,1,0,1,0,36,36.0,1,Drugs & Healthcare
Dock.io (DOCK),USD,1,Utility-token,1000000000.0,ERC-20,0,0,1,1,25.0,1,1,0,0,1,0.0,0,1,0,1.0,0.0,1,0,Liquid2; Passport Capital,No,1,1,1,high,joint-stock corporation,United States,unknown,0,0,0,0,0,1,1,0,0,0,1,Marketplaces,0xe5dada80aa6477e85d09747f2842f7993d0df71c,2/21/2018,2/21/2018,20.0,0,1,0,USD,USD,0.0,0.0,1,0,0,1,1,1,0,0,0,1,1,1,1,0,0,1,1,0,0,1,0,0,0,1,0,1,0,1,1.0,1,Marketplaces
DomRaider,EUR,1,New Blockchain,1300000000.0,ERC-20,0,0,1,1,127.0,0,0,5,0,1,1.0,0,1,0,1.0,0.0,0,1,No,No,0,1,1,neutral,joint-stock corporation,France,"22 Allée Alan Turing, 63000 Clermont-Ferrand",0,0,0,0,0,1,0,0,1,1,0,Payments,0x9af4f26941677c706cfecf6d3379ff01bb85d5ab,9/10/2017,10/9/2017,31.0,0,1,1,EUR,EUR,0.0,0.0,0,0,0,1,1,1,1,0,0,1,1,0,0,0,0,0,1,0,0,0,0,1,1,1,0,1,0,30,32.0,0,Payments
Dovu,ETH,1,Utility-token,1200000000.0,ERC-20,0,0,1,1,23.0,1,1,1,0,0,1.0,1,1,0,1.0,0.0,0,1,No,No,0,1,0,high,joint-stock corporation,United Kingdom,"1st Floor College Green, College Green House 32-36, BS1 5SP, Bristol",0,0,0,0,0,1,0,0,1,1,1,Marketplaces,0xac3211a5025414af2866ff09c23fc18bc97e79b1,10/3/2017,10/17/2017,1.0,0,1,0,ETH,ETH,0.0,9.0,0,0,0,1,1,1,1,0,0,1,1,0,0,0,0,1,1,0,0,1,0,0,0,1,0,1,0,15,15.0,0,Marketplaces
Dynamic Trading Rights,USD,1,Utility-token,3750000000.0,ERC-20,0,0,1,1,19.0,1,0,1,0,1,0.0,0,1,0,1.0,0.0,0,1,No,No,0,1,1,low,joint-stock corporation,United Kingdom,"oken Holdings Limited, 3rd Floor 207 Regent Street, London, W1B 3HH",0,0,0,0,0,0,0,0,0,0,0,Trading & Exchanges,0xd234bf2410a0009df9c3c63b610c09738f18ccd7,11/6/2017,12/6/2017,15.0,1,1,0,USD,USD,0.0,0.0,0,0,0,1,1,1,1,0,0,1,1,0,0,0,1,0,1,0,0,1,0,0,0,1,0,1,0,31,31.0,1,Trading & Exchanges
EBCoin,tokens,0,Utility-token,1500000000.0,ERC-20,0,0,1,1,34.0,0,0,0,0,1,1.0,0,1,0,1.0,0.0,1,0,No,No,0,1,1,neutral,joint-stock corporation,Singapore,"EBC FOUNDATION PTE. LTD., 6 BATTERY ROAD #10-01 SINGAPORE 049909",0,0,0,0,0,1,0,0,1,1,0,Travel & Tourisim,0xec2e5c8d51fdd54fef83db8300399a3c2e167922,1/16/2018,2/13/2018,9.0,0,1,0,tokens,tokens,0.0,17.0,0,0,0,1,1,1,1,0,0,1,1,0,0,0,0,0,1,0,0,1,0,0,0,1,0,1,0,29,29.0,1,Travel & Tourisim
Ecobit,BTC,1,Security,8888888888.0,NEM,0,0,0,0,16.0,0,0,0,0,0,0.0,0,0,0,1.0,0.0,0,1,No,No,0,0,0,high,unknown,unknown,unknown,0,0,0,0,0,0,0,0,0,0,0,Agriculture,not applicable,5/9/2017,6/15/2017,0.0,0,1,1,BTC,BTC,1.0,93.0,0,1,1,1,1,0,0,0,0,0,1,0,0,0,0,1,1,0,1,0,0,0,0,0,0,0,0,38,38.0,1,Agriculture
Electrify.Asia (ELEC),USD,1,Utility-token,750000000.0,ERC-20,0,0,1,1,18.0,0,0,1,0,1,1.0,0,1,0,1.0,0.0,0,1,Global Brain,No,0,1,1,neutral,joint-stock corporation,Singapore," ELECTRIFY ASIA PRIVATE LIMITED, 3 TEMASEK AVENUE #18-01 CENTENNIAL TOWER SINGAPORE 039190",0,0,0,0,0,1,1,0,1,0,1,Marketplaces,0xd49ff13661451313ca1553fd6954bd1d9b6e02b9,2/23/2018,3/2/2018,27.0,0,1,0,USD,USD,0.0,0.0,0,0,0,1,1,1,1,0,0,1,1,1,1,0,0,0,1,0,0,1,0,0,0,0,0,1,0,8,4.0,1,Marketplaces
EncryptoTel [WAVES],USD,0,Utility-token,77663987.0,"Waves,ERC-20",0,0,1,1,15.0,1,1,0,0,1,1.0,0,0,0,0.0,0.0,1,0,No,No,1,1,0,unknown,unknown,unknown,unknown,0,0,0,0,0,0,0,0,0,0,0,Communications,0xe0c72452740414d861606a44ccd5ea7f96488278,4/24/2017,5/11/2017,5.0,0,1,1,USD,USD,0.0,17.0,0,0,0,0,1,0,0,0,0,1,1,0,0,0,1,0,1,0,0,1,0,0,0,0,0,0,0,18,38.0,0,Communications
Enigma,USD,1,Utility-token,150000000.0,ERC-20,0,0,1,0,14.0,1,1,1,0,0,0.0,1,1,0,1.0,0.0,1,0,Flybridge,Digital Currency Group; Pantera Capital; Fenbushi,0,0,1,high,joint-stock corporation,United States,unknown,0,0,0,0,0,0,0,0,0,0,0,Marketplaces,0xf0ee6b27b759c9893ce4f094b49ad28fd15a23e4,9/11/2017,9/12/2017,45.0,0,1,0,USD,USD,1.0,0.0,0,0,0,0,1,1,0,0,0,1,1,1,1,1,0,1,1,0,0,1,0,0,0,1,0,1,0,2,5.0,1,Marketplaces
Enjin Coin,tokens,1,Cryptocurrency,1250000000.0,ERC-20,0,0,1,1,34.0,0,0,8,0,0,1.0,1,1,1,0.0,0.0,0,1,No,No,0,1,0,high,limited liability partnership,Singapore,"Eniin Pte. Ltd., 16 RAFFLES QUAY #33-03 HONG LEONG BUILDING SINGAPORE 048581",0,0,0,0,0,0,1,1,0,0,0,Video Games & VR,0xf629cbd94d3791c9250152bd8dfbdf380e2a3b9c,10/3/2017,10/31/2017,35.0,0,1,0,tokens,tokens,0.0,50.0,0,0,0,1,1,1,1,0,0,1,1,0,0,0,0,1,1,0,0,0,1,0,1,1,0,0,1,29,29.0,1,Video Games & VR
Envion,tokens,1,Security,127425494.0,ERC-20,0,0,0,1,61.0,1,0,2,0,1,0.0,0,1,1,0.0,0.0,1,0,Quadrat Capital; Catagonia Limited,No,1,1,1,neutral,joint-stock corporation,Switzerland,"envion AG, Zugerstrasse 72, 6340 Baar",0,0,0,0,0,1,1,0,0,0,0,Cryptocurrency Mining,0xd780ae2bf04cd96e577d3d014762f831d97129d0,12/15/2017,1/14/2018,100.0,0,1,0,tokens,tokens,1.0,30.0,1,0,0,0,1,1,1,0,1,1,1,1,1,0,0,0,1,0,1,0,0,0,0,0,0,1,0,31,31.0,1,Cryptocurrency Mining
Ethbits,tokens,1,Security,5000000.0,ERC-20,0,0,0,1,10.0,0,0,1,0,0,1.0,0,0,0,0.0,0.0,1,0,No,No,0,0,0,low,joint-stock corporation,United Kingdom,"ETHBITS LIMITED, 27 Old Gloucester Street, London, United Kingdom, WC1N 3AX ",0,0,0,0,0,0,1,0,0,0,0,Trading & Exchanges,0x1b9743f556d65e757c4c650b4555baf354cb8bd3,4/15/2017,5/13/2017,1.0,0,1,1,tokens,tokens,1.0,23.0,0,1,1,0,1,1,1,0,0,1,1,0,0,0,1,0,1,0,1,0,0,0,0,0,0,1,0,29,29.0,1,Trading & Exchanges
Ethereum Movie Venture,tokens,1,Security,6666666.0,ERC-20,0,0,0,1,0.0,0,0,3,0,0,0.0,0,0,0,0.0,0.0,0,1,No,No,0,0,0,unknown,other,Switzerland,"aKenEvilThing, Hofacker 89, 3664 Burgistein",0,0,0,0,0,0,1,0,0,1,0,Events & Entertainment,0xb802b24e0637c2b87d2e8b7784c055bbe921011a,3/20/2017,5/15/2017,3.0,1,1,0,tokens,tokens,1.0,99.0,0,0,0,0,1,1,1,0,1,1,1,0,0,0,1,0,1,0,1,0,0,0,0,0,0,0,0,57,28.0,1,Events & Entertainment
Etherparty,tokens,0,Utility-token,1000000000.0,ERC-20,0,0,1,1,26.0,0,0,2,0,1,1.0,0,0,0,0.0,0.0,0,1,No,No,0,0,1,neutral,joint-stock corporation,United States,unknown,0,0,0,0,1,1,0,0,0,0,0,Blockchain Infrastructure,0xea38eaa3c86c8f9b751533ba2e562deb9acded40,10/1/2017,10/29/2017,34.0,0,1,0,tokens,tokens,0.0,58.0,0,0,0,1,1,1,0,0,0,1,1,0,0,0,0,0,1,0,0,1,0,0,0,1,0,1,0,29,29.0,1,Blockchain Infrastructure
ETHLend,ETH,1,Utility-token,1300000000.0,ERC-20,0,0,1,1,40.0,1,1,0,0,0,1.0,0,1,0,0.0,0.0,0,1,No,No,0,0,0,high,joint-stock corporation,Estonia,"Tartu mnt 80, Kesklinna Linnaosa, Tallin, Harju Maakond, 10112",0,0,0,0,0,1,1,1,0,0,0,Finance,0x80fb784b7ed66730e8b1dbd9820afd29931aab03,11/25/2017,12/27/2017,29.0,1,1,0,ETH,ETH,0.0,9.0,0,0,0,1,1,1,1,0,0,1,1,0,0,0,0,1,1,0,0,1,0,0,0,1,0,1,0,33,33.0,1,Finance
Everex,USD,1,Utility-token,25000000.0,ERC-20,0,0,1,1,27.0,0,0,1,0,1,1.0,0,1,0,0.0,0.0,0,1,No,No,0,1,1,high,joint-stock corporation,Singapore,"EVX Holdings, Pte. Ltd, 80 Robinson Rd, 08-01 Singapore 068898",0,1,0,0,0,1,1,1,0,0,0,Finance,0xf3db5fa2c66b7af3eb0c0b782510816cbe4813b8,7/24/2017,8/31/2017,26.0,1,1,0,USD,USD,2.0,28.0,0,0,0,1,1,1,1,0,0,1,1,0,0,0,0,1,1,0,0,1,0,0,0,0,0,1,0,39,39.0,1,Finance
FidentiaX,tokens,1,Utility-token,130000000.0,ERC-20,0,1,0,1,26.0,0,0,0,0,1,1.0,0,0,0,0.0,0.0,1,0,No,No,0,1,1,neutral,joint-stock corporation,Marshall Islands,"Trust Company Complex, Ajeltake Road, Ajeltake Island, Majuro, Republic of the Marshall Islands, MH 96960",0,0,0,0,0,1,1,0,0,0,0,Insurance,0x52a7cb918c11a16958be40cba7e31e32a499a465,11/6/2017,12/6/2017,2.0,1,1,0,tokens,tokens,0.0,13.0,0,0,0,0,1,1,1,0,0,1,1,0,0,0,0,0,1,0,0,1,0,0,0,0,0,1,0,31,31.0,1,Insurance
Finom,tokens,1,Security,113300000.0,ERC-20,0,0,1,1,67.0,1,1,5,0,1,0.0,0,1,0,1.0,0.0,0,1,No,No,1,1,0,high,joint-stock corporation,Switzerland,Alte Haslenstrasse 5  	9053 Teufen AR,0,1,0,0,0,1,1,0,0,0,0,Finance,unknown,11/15/2017,12/30/2017,41.0,1,1,0,tokens,tokens,2.0,9.0,1,0,0,1,1,1,1,0,1,1,1,0,0,0,0,1,1,0,1,0,0,0,0,0,0,1,0,46,46.0,0,Finance
FinShi,USD,1,Security,21420275.0,ERC-20,0,0,1,1,36.0,0,0,0,0,0,0.0,0,1,0,0.0,0.0,0,1,CapInvest21,0,0,1,1,high,unknown,Singapore,"Suntec Tower Temasek, Boulevard, Singapore 038988",0,0,0,0,0,1,1,1,0,0,0,Finance,unknown,9/6/2017,10/6/2017,23.0,0,1,1,USD,USD,1.0,5.0,1,0,0,0,1,0,1,0,0,1,1,1,1,1,0,1,1,0,1,0,0,0,0,0,0,0,0,31,31.0,0,Finance
FintruX Network (FTX),tokens;ETH,1,Utility-token,100000000.0,ERC-20,0,1,1,1,47.0,1,1,1,0,1,1.0,0,1,0,0.0,0.0,1,0,No,No,0,1,0,unknown,joint-stock corporation,Singapore,"FintruX  Pte. Ltd, 141  Cecil Street #10 01 Singapore 069541",0,0,0,0,0,1,1,1,0,0,1,Finance,0xd559f20296ff4895da39b5bd9add54b442596a61,1/7/2018,2/28/2018,19.0,0,1,1,tokens,ETH,0.0,9.0,0,0,0,1,1,1,1,0,0,1,1,0,0,0,1,0,1,0,0,1,0,0,0,0,0,1,0,53,53.0,1,Finance
FirstBlood,USD,1,Utility-token,85558364.0,ERC-20,0,0,0,1,26.0,0,0,1,0,1,1.0,0,1,0,0.0,0.0,1,0,No,No,0,0,0,neutral,joint-stock corporation,United States,unknown,0,0,0,0,0,0,0,0,1,0,0,Video Games & VR,0xaf30d2a7e90d7dc361c8c4585e9bb7d2f6f15bc7,9/26/2016,9/26/2016,6.0,0,1,0,USD,USD,0.0,41.0,0,0,0,1,1,1,0,0,0,1,1,0,0,0,0,0,1,0,0,1,0,0,0,1,0,1,0,1,29.0,1,Video Games & VR
Flixxo,ETH,1,Utility-token,763337097.0,ERC-20,0,0,1,1,26.0,1,1,2,0,1,1.0,0,1,0,1.0,0.0,1,0,No,No,0,0,0,low,unknown,Gibraltar,"Flixxo - Suite 23 Portland House Glacis Road, Gibraltar ",0,0,0,0,0,0,0,0,1,1,1,Content Management,0xf04a8ac553fcedb5ba99a64799155826c136b0be,10/24/2017,11/23/2017,5.0,0,1,1,ETH,ETH,0.0,23.0,0,1,1,1,1,0,1,1,0,1,1,0,0,0,1,0,1,0,0,1,0,0,0,1,0,0,0,31,31.0,1,Content Management
FundYourselfNow,USD,1,Security,12500000.0,ERC-20,0,0,1,1,13.0,0,0,0,0,1,1.0,0,1,0,0.0,0.0,0,1,No,No,0,0,1,high,unknown,Singapore,unknown,0,0,0,0,0,0,0,0,0,0,0,Finance,0x88fcfbc22c6d3dbaa25af478c578978339bde77a,6/13/2017,7/31/2017,2.0,0,1,1,USD,USD,2.0,17.0,0,0,0,1,1,0,0,0,0,1,1,0,0,0,0,1,1,0,1,0,0,0,0,0,0,0,0,49,49.0,1,Finance
Fusion,ETH,0,New Blockchain,81920000.0,ERC-20,0,0,1,1,60.0,1,0,0,0,0,1.0,0,0,0,0.0,0.0,0,1,Eastmore Group; Alpview Capital,No,0,1,1,high,joint-stock corporation,Singapore,100 Tras Street #16-01 100 AM Singapore 079027,0,0,0,0,0,0,1,1,0,0,0,Finance,0xd0352a019e9ab9d757776f532377aaebd36fd541,2/1/2018,2/10/2018,43.0,0,1,0,ETH,ETH,2.0,5.0,0,0,0,0,1,1,1,0,0,1,1,1,1,0,0,1,1,0,0,0,0,1,1,1,0,1,0,10,11.0,0,Finance
Gameflip,ETH,1,Utility-token,100000000.0,ERC-20,0,1,0,0,42.0,1,1,3,1,1,1.0,0,1,0,1.0,0.0,1,0,Bullpen Capital; GoAhead Ventures; Social Starts,No,0,1,1,neutral,joint-stock corporation,United States,"152 North Third Street., Suite 200, San Jose, CA 95112",0,0,0,0,0,0,1,0,0,1,0,Video Games & VR,0x3a1bda28adb5b0a812a7cf10a1950c920f79bcd3,10/13/2017,1/29/2018,0.0,1,1,1,ETH,ETH,1.0,41.0,0,0,0,1,1,1,1,0,0,1,1,1,1,0,0,0,1,0,0,1,0,0,0,1,0,1,0,109,109.0,1,Video Games & VR
Gatcoin,USD,1,Utility-token,1000000000.0,ERC-20,0,1,1,1,38.0,0,0,1,0,0,1.0,0,1,0,1.0,0.0,0,1,No,No,0,1,0,high,joint-stock corporation,Hong Kong,"5 Tai Mong Tsai Rd, Sai Kung, Hong Kong",0,0,0,0,0,0,0,1,0,0,0,Commerce & Advertising,0x687174f8c49ceb7729d925c3a961507ea4ac7b28,1/13/2018,1/14/2018,16.0,0,1,0,USD,USD,0.0,5.0,0,0,0,1,1,1,1,0,0,1,1,0,0,0,0,1,1,0,0,1,0,0,0,1,0,1,0,2,16.0,1,Commerce & Advertising
Genaro Network,ETH,0,Utility-token,700000000.0,ERC-20,0,0,1,1,59.0,1,1,1,0,1,1.0,1,1,0,1.0,0.0,0,1,No,BlockAsset Fund;Collinstar Capital; Node Capital; Star Capital; Aware Capital; LinkVC; ChainPE; Tally Capital,0,0,0,high,foundation,Singapore,8 BURN ROAD #15-13 TRIVEX SINGAPORE 369977,0,0,0,0,0,1,1,1,0,0,0,Blockchain Infrastructure,0x6ec8a24cabdc339a06a172f8223ea557055adaa5,11/17/2017,11/30/2017,30.0,0,1,0,ETH,ETH,0.0,21.0,0,0,0,1,1,1,1,0,0,1,1,1,0,1,0,1,1,0,0,1,0,0,0,1,1,0,0,14,23.0,0,Blockchain Infrastructure
Genie (CGCOIN),USD;tokens,1,Security,95000000.0,ERC-20,0,0,1,1,23.0,0,0,1,0,1,1.0,0,0,0,1.0,0.0,1,0,No,No,0,1,1,neutral,joint-stock corporation,Singapore,"CGSPV PTE. LTD. , 57 MOHAMED SULTAN ROAD #01-05, SULTAN-LINK, SINGAPORE 238997",0,0,0,0,0,1,1,0,0,1,1,Finance,0x2d9765a94ff22e0ca3afc3e3f4b116de2b67582a,2/1/2018,2/28/2018,3.0,0,1,1,USD,tokens,2.0,20.0,0,0,0,1,1,1,1,0,0,1,1,0,0,0,0,0,1,0,1,0,0,0,0,0,0,1,0,28,28.0,0,Finance
Gifto,ETH,1,Utility-token,1000000000.0,ERC-20,0,0,1,1,54.0,1,0,1,0,1,1.0,0,1,0,1.0,0.0,1,0,No,No,0,1,1,neutral,joint-stock corporation,Cayman Islands,"89 Nexus Way, Camana Bay, Grand Cayman, Cayman, KY1-9009",0,0,0,0,0,1,1,1,0,1,1,Payments,0xc5bbae50781be1669306b9e001eff57a2957b09d,12/13/2017,12/14/2017,30.0,0,1,0,ETH,ETH,0.0,0.0,0,0,0,1,1,1,1,1,0,1,1,0,0,0,0,0,1,0,0,1,0,0,0,1,0,1,0,2,32.0,0,Payments
Giga Watt Token,tokens,1,Utility-token,34500000.0,ERC-20,1,0,1,1,29.0,1,1,6,1,1,1.0,0,1,0,0.0,0.0,0,1,No,No,0,1,1,neutral,joint-stock corporation,Singapore,"1 Coleman Street #08-07, the Adelphi",0,0,0,0,0,0,0,0,1,1,0,Cryptocurrency Mining,0x84119cb33e8f590d75c2d6ea4e6b0741a7494eda,5/31/2017,7/31/2017,21.0,0,1,0,tokens,tokens,1.0,17.0,0,0,0,0,1,1,1,0,0,1,1,0,0,0,0,0,0,0,0,1,0,0,0,0,0,1,0,62,62.0,0,Cryptocurrency Mining
Gladius,USD,0,Utility-token,23990398.0,ERC-20,0,0,1,1,38.0,1,1,0,0,0,1.0,1,1,1,0.0,0.0,1,0,No,No,0,1,1,high,limited liability partnership,United States,"8300  Baltimore  Ave
College Park, Maryland 20740
United States",0,0,0,0,0,1,0,0,0,0,0,Privacy & Security,0x71d01db8d6a2fbea7f8d434599c237980c234e4c,11/24/2017,2/12/2018,21.0,0,1,1,USD,USD,2.0,17.0,0,0,0,1,1,1,1,0,0,1,1,0,0,0,0,1,1,0,0,1,0,0,0,1,0,0,1,81,81.0,0,Privacy & Security
Golem,ETH,1,Utility-token,1000000000.0,ERC-20,0,0,0,1,28.0,1,1,3,0,1,1.0,1,1,0,0.0,0.0,1,0,No,Nirvana Capital,0,1,1,unknown,limited liability partnership,Switzerland,"Golem Factory GmbH, Gotthardstrasse 26, 6300 Zug",0,0,0,0,0,0,0,0,0,0,0,Cloud Computing,0xa74476443119a942de498590fe1f2454d7d4ac0d,11/11/2016,11/13/2016,8.0,0,1,1,ETH,ETH,0.0,0.0,0,0,0,1,1,1,1,0,1,1,1,1,0,1,1,0,1,0,0,1,0,0,0,1,0,0,1,3,1.0,1,Cloud Computing
Grid+,tokens,0,Utility-token,300000000.0,ERC-20,0,0,1,1,64.0,0,0,3,0,1,1.0,0,1,0,1.0,0.0,0,1,No,No,0,1,1,neutral,joint-stock corporation,United States,unknown,0,0,0,0,0,1,0,1,1,1,0,Energy & Utilities,0x12b19d3e2ccc14da04fae33e63652ce469b3f2fd,10/30/2017,11/11/2017,75.0,0,1,0,tokens,tokens,1.0,35.0,0,0,0,1,1,1,0,0,0,1,1,0,0,0,0,0,1,0,0,1,0,0,0,0,0,1,0,13,13.0,1,Energy & Utilities
GUTS,USD,1,Utility-token,33368773.0,ERC-20,0,0,1,1,41.0,1,1,2,1,1,1.0,0,1,0,1.0,0.0,1,0,No,No,0,1,1,neutral,foundation,Netherlands,GUTS Netherlands B.V. Piet Heinkade 181 H 1019HC Amsterdam,0,0,0,0,0,0,1,0,0,0,0,Events & Entertainment,0x8a854288a5976036a725879164ca3e91d30c6a1b,11/15/2017,12/13/2017,8.0,1,1,1,USD,USD,1.0,14.0,0,0,0,1,1,1,1,0,0,1,1,0,0,0,0,0,1,0,0,1,0,0,0,1,1,0,0,29,29.0,1,Events & Entertainment
Hacken,tokens,1,Utility-token,5600000.0,ERC-20,0,0,1,1,34.0,0,0,0,0,1,0.0,0,0,0,0.0,0.0,1,0,No,No,0,1,1,low,joint-stock corporation,British Virgin Islands,unknown,1,0,0,0,0,0,1,0,0,0,0,Privacy & Security,0x9e6b2b11542f2bc52f3029077ace37e8fd838d7f,10/31/2017,11/30/2017,4.0,0,1,1,tokens,tokens,1.0,20.0,0,0,0,0,1,1,0,1,0,1,1,0,0,0,1,0,1,0,0,1,0,0,0,1,0,1,0,31,31.0,1,Privacy & Security
HelloGold,ETH,0,Security,1000000000.0,ERC-20,0,0,1,1,27.0,1,1,0,1,1,1.0,0,1,0,1.0,0.0,0,1,500 Startups; The FinLab,No,0,1,1,high,foundation,Singapore,"HELLOGOLD FOUNDATION LIMITED, 8 ROBINSON ROAD #13-00 ASO BUILDING SINGAPORE 048544",0,0,0,0,0,1,1,1,1,0,0,Finance,0xba2184520a1cc49a6159c57e61e1844e085615b6,8/26/2017,10/5/2017,14.0,0,1,1,ETH,ETH,0.0,17.0,0,0,0,1,1,1,1,0,0,1,1,1,1,0,0,1,1,0,1,0,0,0,0,0,1,0,0,41,38.0,1,Finance
hero token (HERO),USD;ETH,1,Utility-token,14765425.0,ERC-20,0,0,1,0,21.0,0,0,0,0,1,0.0,0,0,0,0.0,0.0,1,0,No,No,0,0,1,high,joint-stock corporation,British Virgin Islands,unknown,0,0,0,0,0,1,1,1,0,0,0,Finance,0x02585e4a14da274d02df09b222d4606b10a4e940,2/1/2018,2/28/2018,36.0,0,1,1,USD,ETH,3.0,9.0,0,0,1,0,1,1,0,1,0,1,1,0,0,0,0,1,1,0,0,1,0,0,0,0,0,1,0,28,28.0,1,Finance
Hubii Network,USD,1,Utility-token,31801784.0,ERC-20,0,0,0,1,38.0,0,0,9,0,1,1.0,0,1,0,0.0,0.0,1,0,IVA Ventures,No,0,0,0,high,joint-stock corporation,Singapore,Hubii Pte. Ltd.  531A UPPER CROSS STREET #03-108 HONG LIM COMPLEX SINGAPORE 051531,0,0,0,0,0,0,0,0,0,0,0,Content Management,0xdd6c68bb32462e01705011a4e2ad1a60740f217f,8/24/2017,9/8/2017,7.0,0,1,1,USD,USD,0.0,5.0,0,1,1,1,1,1,1,0,0,1,1,1,1,0,0,1,1,1,0,1,0,0,0,1,0,1,0,16,15.0,1,Content Management
ICOS,tokens,0,Utility-token,532337.0,ERC-20,0,0,1,0,33.0,1,1,0,1,1,0.0,0,0,0,0.0,0.0,1,0,No,No,1,1,1,high,limited liability partnership,Singapore,12 Marina boulevard #30-03 Marina bay financial centre singapore 018982,0,0,0,0,0,0,0,0,1,0,0,Finance,0x014b50466590340d41307cc54dcee990c8d58aa8,8/15/2017,9/15/2017,8.0,0,0,0,tokens,tokens,40.0,17.0,0,0,0,0,1,1,1,0,0,1,1,0,0,0,0,1,1,0,0,1,0,0,0,1,0,0,1,32,32.0,0,Finance
iDice,tokens,1,Security,5000000.0,ERC-20,0,0,0,0,12.0,1,1,0,0,1,1.0,0,1,0,0.0,0.0,1,0,No,No,0,0,0,unknown,unknown,unknown,unknown,0,0,0,0,0,0,0,0,0,0,0,Gambling & Betting,0x5a84969bb663fb64f6d015dcf9f622aedc796750,6/12/2017,6/26/2017,0.0,0,1,0,tokens,tokens,2.0,35.0,0,1,1,0,1,0,0,0,0,1,1,0,0,0,1,0,1,0,1,0,0,0,0,0,0,0,0,15,15.0,1,Gambling & Betting
iExec RLC,BTC,1,Utility-token,87000000.0,ERC-20,0,0,0,1,40.0,1,1,1,0,0,1.0,1,1,0,0.0,0.0,0,1,No,No,0,1,0,high,joint-stock corporation,France,"15 Rue des Cuirassiers 69003 Lyon, France",0,0,0,0,0,0,0,0,1,1,0,Cloud Computing,0x607f4c5bb672230e8672085532f7e901544a7375,4/19/2017,4/19/2017,12.0,0,1,1,BTC,BTC,0.0,0.0,0,0,0,0,1,1,1,0,0,1,1,0,0,0,0,1,1,0,0,1,0,0,0,1,0,1,0,1,24.0,1,Cloud Computing
Incent,USD,0,Cryptocurrency,46016625.0,Waves,0,0,1,0,10.0,0,0,0,0,0,0.0,0,0,0,1.0,0.0,1,0,No,No,0,0,0,unknown,joint-stock corporation,Australia,unknown,0,0,0,0,0,0,0,0,0,0,0,Commerce & Advertising,not applicable,10/1/2016,11/30/2016,1.0,0,1,1,USD,USD,0.0,40.0,0,1,1,0,1,1,0,0,0,0,1,0,0,0,1,0,1,0,0,0,1,0,1,1,0,1,0,61,61.0,1,Commerce & Advertising
indaHash,tokens,1,Utility-token,400000000.0,ERC-20,0,0,1,1,31.0,1,1,2,1,1,1.0,0,1,0,0.0,0.0,0,1,No,No,0,0,0,unknown,limited liability partnership,Ireland,"22 Northumberland Road, Ballsbridge, Dublin",0,0,0,1,0,1,1,1,0,0,0,Social Networks,0x5136c98a80811c3f46bdda8b5c4555cfd9f812f0,11/29/2017,12/20/2017,56.0,1,1,1,tokens,tokens,0.0,7.0,0,0,0,0,1,1,1,0,0,1,1,0,0,0,1,0,1,0,0,1,0,0,0,1,0,0,1,22,22.0,1,Social Networks
Indorse,ETH,1,Utility-token,170622047.0,ERC-20,0,0,1,0,41.0,1,1,0,0,0,1.0,1,1,0,1.0,0.0,0,1,No,Coinsilium,0,1,0,medium,joint-stock corporation,Singapore,6 EU TONG SEN STREET #09-09 THE CENTRAL SINGAPORE 059817,0,0,0,0,0,1,1,0,0,0,1,Social Networks,0xf8e386eda857484f5a12e4b5daa9984e06e73705,8/6/2017,9/7/2017,9.0,0,1,1,ETH,ETH,0.0,0.0,0,0,0,1,1,1,1,0,0,1,1,1,0,1,0,0,1,0,0,1,0,0,0,1,0,1,0,33,33.0,1,Social Networks
Insights Network,ETH,1,Utility-token,300000000.0,ERC-20,0,0,1,1,24.0,1,0,1,0,1,1.0,0,1,0,1.0,0.0,1,0,No,No,0,1,1,low,unknown,Cayman Islands,unknown,0,0,0,0,0,1,1,1,0,0,1,Data Analytics,0xc72fe8e3dd5bef0f9f31f259399f301272ef2a2d,1/27/2018,2/14/2018,18.0,0,1,0,ETH,ETH,0.0,9.0,0,0,0,1,1,0,0,1,0,1,1,0,0,0,1,0,1,0,0,1,0,0,0,1,0,0,0,19,19.0,1,Data Analytics
Inspeer,USD,1,Security,50000000.0,ERC-20,0,0,0,1,34.0,1,0,3,1,1,0.0,0,0,0,0.0,0.0,1,0,No,No,0,0,1,low,joint-stock corporation,Cyprus,"Inspeer Holdings Limited, CHRYSANTHOU MYLONA, 10, MAGNUM HOUSE, 3030 LIMASSOL, CYPRUS",1,0,0,0,0,1,1,0,1,0,0,Finance,unknown,11/14/2017,2/5/2018,8.0,0,1,0,USD,USD,1.0,20.0,0,0,0,0,1,1,1,1,0,1,1,0,0,0,1,0,1,0,1,0,0,0,0,0,0,1,0,84,84.0,1,Finance
InsurePal,USD,1,Utility-token,300000000.0,ERC-20,0,0,1,1,51.0,0,0,2,0,1,1.0,0,1,0,0.0,0.0,0,1,No,No,0,1,1,neutral,joint-stock corporation,Liechtenstein,"c/o RATUS Aktiengesellschaft, Landstrasse 60, 9490 Vaduz",0,0,0,0,0,1,1,1,1,0,0,Insurance,0x64cdf819d3e75ac8ec217b3496d7ce167be42e80,1/16/2018,1/16/2018,17.0,0,1,1,USD,USD,0.0,9.0,0,0,0,1,1,1,1,1,0,1,1,0,0,0,0,0,1,1,0,1,0,0,0,1,0,1,0,1,22.0,1,Insurance
IP Exchange (IPSX),ETH,1,Utility-token,1714102659.0,ERC-20,0,0,1,1,15.0,1,1,1,0,1,0.0,0,1,0,1.0,0.0,1,0,No,No,1,0,0,unknown,joint-stock corporation,Switzerland,Geralka Project AG   Bahnhofstrasse 4 6052 Hergiswil NW,0,0,0,0,0,1,1,1,0,0,0,Marketplaces,0x001f0aa5da15585e5b2305dbab2bac425ea71007,2/28/2018,3/5/2018,8.0,0,1,1,ETH,ETH,0.0,0.0,0,1,1,1,1,1,1,0,1,1,1,0,0,0,1,0,1,0,0,1,0,0,0,1,0,1,0,6,6.0,1,Marketplaces
Iungo,tokens,1,Utility-token,76000000.0,ERC-20,0,0,1,1,25.0,1,0,1,0,1,1.0,0,1,0,0.0,0.0,1,0,No,No,0,1,1,medium,joint-stock corporation,Estonia,"Harju maakond, Tallinn, Kesklinna linnaosa, Parda tn 4, 10151",0,0,0,0,0,0,1,1,0,0,0,Communications,0x24ddff6d8b8a42d835af3b440de91f3386554aa4,12/7/2017,1/31/2018,23.0,-1,1,1,tokens,tokens,1.0,38.0,0,0,0,1,1,1,1,0,0,1,1,0,0,0,0,0,1,0,0,1,0,0,0,1,0,1,0,56,56.0,0,Communications
iXledger,tokens,1,Utility-token,65778844.0,ERC-20,0,0,1,1,15.0,0,0,0,0,1,0.0,0,1,0,0.0,0.0,1,0,No,No,0,1,1,high,limited liability partnership,United Kingdom,"228a High street, London, England, BR1 1PQ",0,0,0,0,0,0,0,0,0,0,0,Finance,0xfca47962d45adfdfd1ab2d972315db4ce7ccf094,7/11/2017,7/13/2017,8.0,0,1,0,tokens,tokens,0.0,26.0,0,0,0,0,1,1,1,0,0,1,1,0,0,0,0,1,1,0,0,1,0,0,0,1,0,0,1,3,21.0,1,Finance
Jibrel Network,USD,0,Utility-token,200000000.0,ERC-20,0,0,1,0,8.0,0,0,1,0,1,1.0,0,1,0,0.0,0.0,0,1,No,No,0,1,1,neutral,joint-stock corporation,Switzerland,"Baarerstrasse 10, 6302 Zug",0,0,0,0,0,1,1,1,0,1,0,Finance,0xa5fd1a791c4dfcaacc963d4f73c6ae5824149ea7,11/27/2017,12/27/2017,33.0,0,1,0,USD,USD,0.0,5.0,0,0,0,1,1,1,1,0,1,1,1,0,0,0,0,0,1,0,0,1,0,0,0,1,0,1,0,31,62.0,1,Finance
Kibo Lotto,tokens,1,Security,350000000.0,ERC-20,0,0,0,0,17.0,0,0,0,0,1,1.0,0,1,0,1.0,0.0,0,1,No,No,0,0,1,unknown,unknown,unknown,unknown,0,0,0,0,0,0,0,0,1,0,0,Gambling & Betting,unknown,9/29/2016,11/9/2016,3.0,0,1,0,tokens,tokens,0.0,50.0,0,0,0,0,1,0,0,0,0,1,1,0,0,0,1,0,1,0,1,0,0,0,0,0,0,0,0,42,42.0,1,Gambling & Betting
KICKICO,ETH,0,Cryptocurrency,457760868.0,ERC-20,1,0,1,1,25.0,1,1,3,1,0,1.0,0,0,0,0.0,0.0,1,0,No,No,0,0,0,medium,joint-stock corporation,Singapore,176 JOO CHIAT ROAD #02-02 SINGAPORE 427447,0,0,0,0,0,1,1,1,0,0,1,Finance,0x27695e09149adc738a978e9a678f99e4c39e9eb9,8/29/2017,9/16/2017,22.0,0,1,1,ETH,ETH,0.0,25.0,0,0,0,1,1,1,1,0,0,1,1,0,0,0,0,0,0,0,0,0,1,0,1,1,0,1,0,19,19.0,1,Finance
Kik,tokens,0,Cryptocurrency,10000000000000.0,ERC-20,0,0,1,0,28.0,0,0,8,0,1,0.0,0,0,0,1.0,0.0,0,1,No,Blockchain Capital; Pantera Capital,0,1,1,low,joint-stock corporation,Canada,"KIK Interactive Inc., 420 WEBER STREET NORTH, SUITE 1, WATERLOO ON N2L 4E7, Canada ",0,0,0,0,0,1,0,1,0,0,0,Blockchain Infrastructure,0x818fc6c2ec5986bc6e2cbf00939d90556ab12ce5,9/12/2017,9/26/2017,99.0,0,1,0,tokens,tokens,0.0,0.0,0,0,0,1,1,1,1,0,0,1,1,1,0,1,1,0,1,0,0,0,1,0,1,1,0,1,0,15,15.0,1,Blockchain Infrastructure
Kyber Network,ETH,1,Utility-token,226000000.0,ERC-20,0,0,1,1,19.0,1,1,0,0,0,1.0,1,1,0,0.0,0.0,1,0,No,Pantera Capital; Kenetic Capital,0,0,0,high,joint-stock corporation,Singapore,6 EU TONG SEN STREET #09-16 THE CENTRAL SINGAPORE 059817,0,0,0,0,0,1,0,1,0,0,0,Trading & Exchanges,0xdd974d5c2e2928dea5f71b9825b8b646686bd200,9/15/2017,9/18/2017,59.0,0,1,0,ETH,ETH,0.0,0.0,0,0,0,1,1,1,1,0,0,1,1,1,0,1,0,1,1,0,0,1,0,0,0,1,0,1,0,4,2.0,1,Trading & Exchanges
Lamden,USD,1,New Blockchain,500000000.0,ERC-20,0,0,1,1,13.0,0,0,0,0,1,0.0,0,1,0,0.0,0.0,1,0,No,No,0,0,0,high,limited liability partnership,Switzerland,"rue de Lausanne 37, 1201 Genève",0,0,0,0,0,0,1,1,0,0,0,Blockchain Infrastructure,0xc27a2f05fa577a83ba0fdb4c38443c0718356501,10/27/2017,1/4/2018,25.0,1,1,0,USD,USD,0.0,0.0,0,1,1,0,1,1,1,0,1,1,1,0,0,0,0,1,1,0,0,0,0,1,1,1,0,0,1,70,112.0,0,Blockchain Infrastructure
Latium,tokens,1,Utility-token,300000000.0,ERC-20,0,0,1,1,19.0,0,0,1,0,1,1.0,0,1,0,0.0,0.0,1,0,No,No,0,0,1,low,joint-stock corporation,United States,unknown,0,0,0,0,0,0,0,0,1,0,0,Marketplaces,0x2f85e502a988af76f7ee6d83b7db8d6c0a823bf9,11/15/2017,1/18/2018,17.0,0,1,0,tokens,tokens,0.0,5.0,0,0,1,1,1,1,0,0,0,1,1,0,0,0,1,0,1,1,0,1,0,0,0,1,0,1,0,65,107.0,1,Marketplaces
Leverj,tokens,1,Utility-token,1000000000.0,ERC-20,0,0,1,1,29.0,0,0,0,0,1,1.0,0,0,0,1.0,0.0,0,1,No,No,0,1,0,low,unknown,Seychelles,"Suite #9, Anusuya Estate, Revolution Avenue, Victoria",0,0,0,0,0,0,1,1,1,0,1,Trading & Exchanges,0x0f4ca92660efad97a9a70cb0fe969c755439772c,11/7/2017,12/6/2017,14.0,1,1,0,tokens,tokens,0.0,0.0,0,0,0,1,1,0,1,1,0,1,1,0,0,0,1,0,1,0,0,1,0,0,0,1,0,0,0,30,30.0,1,Trading & Exchanges
LOCIcoin,USD,1,Utility-token,100000000.0,ERC-20,0,0,1,1,32.0,1,1,9,1,1,1.0,0,1,0,1.0,0.0,0,1,Edison Partners; Center for Innovative Technology; Torian Capital,No,0,1,1,neutral,joint-stock corporation,United States,"Loci, Inc., 12110 Sunset Hills Rd, #600, 20190 Reston, VIRGINIA",0,0,0,0,0,0,1,1,0,1,0,Search,0x9c23d67aea7b95d80942e3836bcdf7e708a747c2,8/6/2017,12/31/2017,1.0,1,1,0,USD,USD,1.0,56.0,1,0,0,1,1,1,1,0,0,1,1,1,1,0,0,0,1,0,0,1,0,0,0,1,0,1,0,148,148.0,1,Search
Loopring,ETH,1,Utility-token,1395076055.0,ERC-20,1,0,1,1,12.0,1,0,3,0,0,1.0,1,0,0,0.0,0.0,0,1,No,No,1,0,0,high,unknown,unknown,unknown,0,0,0,0,0,1,1,1,0,0,1,Trading & Exchanges,0xef68e7c694f40c8202821edf525de3782458639f,8/1/2017,8/16/2017,36.0,0,1,1,ETH,ETH,0.0,17.0,0,0,0,1,1,0,0,0,0,1,1,0,0,0,0,1,0,0,0,1,0,0,0,1,0,0,0,16,31.0,0,Trading & Exchanges
Lunyr,ETH,1,Utility-token,2703356.0,ERC-20,1,0,0,1,21.0,0,0,0,0,1,1.0,0,1,0,0.0,0.0,1,0,No,No,0,1,1,neutral,joint-stock corporation,United States,"Lunyr Inc., 2040 Martin Ave, Santa Clara, CA 95050",0,0,0,0,0,0,0,0,1,0,0,Content Management,0xfa05a73ffe78ef8f1a739473e462c54bae6567d9,3/29/2017,4/28/2017,3.0,0,1,1,ETH,ETH,2.0,0.0,0,0,0,1,1,1,1,0,0,1,1,0,0,0,0,0,0,0,0,1,0,0,0,0,0,1,0,31,30.0,1,Content Management
Lympo (LYM),tokens,1,Utility-token,999999999.0,ERC-20,0,0,1,1,29.0,1,1,1,0,0,1.0,0,1,0,0.0,0.0,1,0,No,No,1,0,1,high,joint-stock corporation,Estonia,"Latgala OÜ, located at Tornimäe 5, Tallinn 10145, Es",0,0,0,0,0,1,1,1,1,0,0,Health,0x57ad67acf9bf015e4820fbd66ea1a21bed8852ec,2/17/2018,2/28/2018,18.0,0,1,1,tokens,tokens,0.0,0.0,0,0,0,1,1,1,1,0,0,1,1,0,0,0,0,1,1,0,0,1,0,0,0,1,0,1,0,12,11.0,1,Health
Maecenas,USD,1,Utility-token,100000000.0,ERC-20,0,0,0,1,19.0,0,0,3,0,1,0.0,0,1,0,1.0,0.0,0,1,Polytech ecosystem venures,Pantera Capital,0,1,1,high,limited liability partnership,United Kingdom,"10 John Street,  London, United Kingdom, WC1N 2EB",0,0,0,0,0,0,1,1,0,1,0,Art & Music,0xfec0cf7fe078a500abf15f1284958f22049c2c7e,9/5/2017,10/7/2017,15.0,0,1,1,USD,USD,1.0,0.0,0,0,0,1,1,1,1,0,0,1,1,1,1,1,0,1,1,0,0,1,0,0,0,0,0,0,1,33,31.0,1,Art & Music
Matchpool,ETH,1,Utility-token,100000000.0,ERC-20,0,0,0,1,10.0,0,0,0,0,1,1.0,0,1,0,0.0,0.0,1,0,No,No,0,0,1,neutral,limited liability partnership,Switzerland,"Matchpool GmbH,    c/o Sielva Management SA, Gubelstrasse 11, 6300 Zug",1,0,1,0,0,0,0,0,1,1,0,Social Networks,0xf7b098298f7c69fc14610bf71d5e02c60792894c,4/1/2017,4/4/2017,6.0,0,1,0,ETH,ETH,0.0,25.0,0,0,1,1,1,1,1,0,1,1,1,0,0,0,0,0,1,0,0,1,0,0,0,0,0,0,1,4,29.0,1,Social Networks
Melonport,tokens,1,Utility-token,1250000.0,ERC-20,1,0,0,1,7.0,0,0,1,0,0,0.0,0,0,0,1.0,0.0,0,1,No,No,0,0,0,neutral,joint-stock corporation,Switzerland,"Lotenbach 7, 6318 Walchwil",0,0,0,0,0,0,1,0,1,1,0,Finance,0xbeb9ef514a379b997e0798fdcc901ee474b6d9a1,2/15/2017,2/15/2017,3.0,0,1,0,tokens,tokens,6.0,0.0,0,0,0,0,1,1,1,0,1,1,1,0,0,0,0,0,0,0,0,1,0,0,0,1,0,1,0,1,29.0,1,Finance
Mercury Protocol,tokens;USD,1,Utility-token,1000000000.0,ERC-20,0,0,0,1,17.0,1,1,3,1,1,1.0,0,0,0,0.0,0.0,0,1,No,No,1,0,1,neutral,limited liability partnership,United States,unknown,0,0,0,0,0,1,0,1,0,0,0,Communications,0xb3bd49e28f8f832b8d1e246106991e546c323502,10/25/2017,11/24/2017,10.0,0,1,1,tokens,USD,0.0,0.0,0,0,1,0,1,1,0,0,0,1,1,0,0,0,0,0,1,0,0,1,0,0,0,1,0,0,1,31,31.0,1,Communications
MicroMoney,USD,1,Cryptocurrency,17422798.0,ERC-20,0,0,1,1,76.0,1,1,2,1,1,1.0,1,1,0,0.0,0.0,1,0,No,No,0,1,0,high,joint-stock corporation,Singapore,"Ofce 18 Sin Ming Lane, #08-06, Midview City, Singapore (573960)",0,0,0,0,0,0,1,0,0,0,0,Finance,0x8b1f49491477e0fb46a29fef53f1ea320d13c349,10/15/2017,11/18/2017,14.0,0,1,1,USD,USD,1.0,25.0,0,0,0,0,1,1,1,0,0,1,1,0,0,0,0,1,1,0,0,0,1,0,1,1,0,1,0,35,35.0,1,Finance
MiniApps,USD;ETH,1,Utility-token,1248964.0,ERC-223,1,0,1,1,49.0,1,1,2,1,1,0.0,0,1,0,1.0,0.0,1,0,No,No,0,1,1,neutral,joint-stock corporation,United States,"Picosoft Inc. 3803 MOUNT BONNELL RD AUSTIN, TX 78731-5732",0,0,0,0,0,1,0,0,0,0,0,Blockchain Infrastructure,0x0f587d0b7b1c1ef68b432936b75c4d6c4d12b647,10/18/2017,12/19/2017,4.0,1,1,1,USD,ETH,8.0,7.0,0,0,0,0,1,1,1,0,0,1,1,0,0,0,0,0,0,0,0,1,0,0,0,0,0,1,0,63,63.0,1,Blockchain Infrastructure
Mirocana,ETH,0,Utility-token,200000000.0,ERC-20,0,0,1,1,26.0,0,0,3,0,1,1.0,1,1,0,0.0,0.0,0,1,No,No,0,0,0,neutral,joint-stock corporation,Estonia,"Mirocana Company OÜ, Harju maakond, Tallinn, Nõmme linnaosa, Rännaku pst 12, 10917 ",0,0,0,1,1,0,0,1,0,0,0,Finance,0x0168703872fa06741ecaa9dff7803168e83f7ae0,11/19/2017,12/19/2017,3.0,1,1,0,ETH,ETH,1.0,26.0,0,0,0,0,1,1,1,0,0,1,1,0,0,0,0,0,1,0,0,1,0,0,0,0,0,1,0,31,31.0,0,Finance
Mobius,USD,1,New Blockchain,888000000.0,Stellar,0,0,1,1,38.0,1,1,0,0,0,0.0,0,0,0,1.0,0.0,0,1,Camp One Ventures,Nirvana Capital,0,0,0,medium,joint-stock corporation,Cayman Islands,"George Town, Cayman Islands",0,0,0,0,0,1,1,0,1,0,0,Communications,not applicable,1/18/2018,1/18/2018,39.0,0,1,0,USD,USD,1.0,0.0,0,0,0,1,1,1,1,1,0,0,1,1,1,1,0,0,1,0,0,0,0,1,1,1,0,1,0,1,2.0,1,Communications
Modum,tokens,0,Security,30000000.0,ERC-20,0,0,1,1,20.0,1,1,1,0,0,1.0,1,1,0,0.0,0.0,0,1,No,No,1,1,0,high,joint-stock corporation,Switzerland,"Technoparkstrasse 1 ,8005  Zurich",0,0,1,0,0,1,1,1,0,0,0,Drugs & Healthcare,0x957c30ab0426e0c93cd8241e2c60392d08c6ac8e,9/1/2017,9/22/2017,15.0,0,1,0,tokens,tokens,1.0,18.0,0,0,0,0,1,1,1,0,1,1,1,0,0,0,0,1,1,0,1,0,0,0,0,0,0,1,0,22,22.0,1,Drugs & Healthcare
Monaco,ETH,1,Cryptocurrency,31588000.0,ERC-20,0,0,0,0,32.0,1,0,0,0,1,0.0,0,1,0,1.0,0.0,1,0,No,No,0,1,1,high,limited liability partnership,Switzerland,"c/o STAX AG Bahnhofstrasse 21, 6300 Zoug",0,0,0,0,0,0,1,1,0,0,0,Payments,0xb63b606ac810a52cca15e44bb630fd42d8d1d83d,5/18/2017,6/18/2017,27.0,0,1,1,ETH,ETH,3.0,33.0,0,0,0,1,1,1,1,0,1,1,1,0,0,0,0,1,1,0,0,0,1,0,1,1,0,0,1,32,31.0,1,Payments
Monetha,ETH,1,Utility-token,402400000.0,ERC-20,0,0,0,1,47.0,0,0,1,0,1,1.0,0,1,0,1.0,0.0,1,0,No,No,0,1,1,high,limited liability partnership,Switzerland,"Baarerstrasse 10, 6302 Zug",0,0,0,0,0,0,0,0,1,1,0,Payments,0xaf4dce16da2877f8c9e00544c93b62ac40631f16,8/28/2017,9/30/2017,29.0,0,1,1,ETH,ETH,0.0,17.0,0,0,0,1,1,1,1,0,1,1,1,0,0,0,0,1,1,0,0,1,0,0,0,0,0,0,1,34,1.0,1,Payments
Mothership,tokens,1,Utility-token,196767206.0,ERC-20,0,0,1,1,9.0,0,0,0,0,0,1.0,0,0,0,0.0,0.0,0,1,No,No,0,1,0,unknown,joint-stock corporation,Estonia,"Mothership Foundation OÜ Narva mnt 5, Tallinn, 10117",0,0,0,0,0,1,1,0,0,0,0,Trading & Exchanges,0x68aa3f232da9bdc2343465545794ef3eea5209bd,7/7/2017,7/28/2017,5.0,0,1,1,tokens,tokens,0.0,5.0,0,0,0,0,1,1,1,0,0,1,1,0,0,0,1,0,1,0,0,1,0,0,0,0,0,1,0,22,9.0,0,Trading & Exchanges
Musiconomi,USD,1,Utility-token,100000000.0,ERC-20,0,0,0,1,0.0,0,0,1,0,1,0.0,0,1,0,1.0,0.0,0,1,No,No,0,1,0,unknown,unknown,Cayman Islands,unknown,0,0,0,0,0,1,1,1,1,1,0,Content Management,0x138a8752093f4f9a79aaedf48d4b9248fab93c9c,8/29/2017,9/28/2017,5.0,0,1,1,USD,USD,0.0,0.0,0,0,0,1,1,0,0,1,0,1,1,0,0,0,1,0,1,0,0,1,0,0,0,1,0,0,0,31,3.0,1,Content Management
MyBit Token,ETH,0,Security,5000000.0,ERC-20,0,0,1,1,16.0,0,0,1,0,1,1.0,0,0,0,0.0,0.0,0,1,No,No,0,0,0,neutal,foundation,Switzerland,"Dammstrasse 16, 6300 Zug",0,0,0,0,0,0,0,0,0,0,0,Finance,0x5d60d8d7ef6d37e16ebabc324de3be57f135e0bc,7/27/2017,8/26/2017,3.0,0,1,0,ETH,ETH,2.0,25.0,0,0,0,0,1,1,1,0,1,1,1,0,0,0,0,0,1,0,1,0,0,0,0,0,1,0,0,31,31.0,0,Finance
Mysterium,CHF,0,Utility-token,32433366.0,ERC-20,0,0,1,0,32.0,1,1,0,0,1,1.0,1,1,0,0.0,0.0,1,0,No,No,0,0,1,unknown,unknown,Switzerland,unknown,0,0,0,0,0,0,0,0,0,0,0,Privacy & Security,0xa645264c5603e96c3b0b078cdab68733794b0a71,5/30/2017,5/30/2017,17.0,0,1,1,CHF,CHF,1.0,17.0,0,0,1,1,1,0,0,0,1,1,1,0,0,0,1,0,1,0,0,1,0,0,0,1,0,0,0,1,15.0,0,Privacy & Security
NAGA,USD,0,Utility-token,77910266.0,ERC-20,0,0,1,1,79.0,1,1,3,1,1,1.0,0,1,0,0.0,0.0,1,0,No,No,0,1,1,high,joint-stock corporation,Germany,"Herrengraben 31, Hamburg 20459",0,0,0,0,0,1,1,1,1,1,0,Payments,0x72dd4b6bd852a3aa172be4d6c5a6dbec588cf131,11/19/2017,12/15/2017,65.0,1,1,1,USD,USD,1.0,0.0,0,0,0,1,1,1,1,0,0,1,1,0,0,0,0,1,1,0,0,1,0,0,0,0,0,1,0,27,27.0,1,Payments
NapoleonX (NPX),EUR,1,Utility-token,29800000.0,ERC-20,0,0,1,1,40.0,0,0,1,0,1,1.0,1,1,0,0.0,0.0,1,0,No,No,1,1,1,unknown,limited liability partnership,France,"Napoleon Crypto SAS, 11 rue de Sevres, 75 006 Paris",0,0,0,1,0,1,1,1,1,1,0,Finance,0x28b5e12cce51f15594b0b91d5b5adaa70f684a02,1/22/2018,2/28/2018,12.0,0,1,0,EUR,EUR,1.0,20.0,0,0,0,1,1,1,1,0,0,1,1,0,0,0,1,0,1,0,0,1,0,0,0,0,0,0,1,38,38.0,1,Finance
Neuromation,tokens,1,Utility-token,100000000.0,ERC-20,0,0,1,1,36.0,0,0,0,0,1,0.0,0,1,0,0.0,0.0,1,0,No,No,0,1,1,neutral,joint-stock corporation,Estonia,"Liivalaia tn 45, Kesklinna district, Tallinn city, Harju county, 10145",0,0,0,0,0,0,1,1,0,0,0,Data Analytics,0x69beab403438253f13b6e92db91f7fb849258263,1/7/2018,1/7/2018,56.0,0,1,0,tokens,tokens,2.0,31.0,1,0,0,0,1,1,1,0,0,1,1,0,0,0,0,0,1,0,0,1,0,0,0,1,0,1,0,1,40.0,1,Data Analytics
Nimiq,ETH,0,New Blockchain,21000000.0,ERC-20,0,0,1,1,9.0,1,1,0,0,0,1.0,1,1,0,0.0,1.0,0,1,No,No,0,0,0,unknown,joint-stock corporation,British Virgin Islands,unknown,0,0,0,0,0,0,1,0,0,0,0,Blockchain Infrastructure,0xcfb98637bcae43c13323eaa1731ced2b716962fd,6/28/2017,7/28/2017,12.0,0,1,0,ETH,ETH,1.0,29.0,0,0,0,1,1,1,0,1,0,1,1,0,0,0,1,0,1,0,0,0,0,1,1,1,0,1,0,31,11.0,0,Blockchain Infrastructure
Nitro,BTC,1,Utility-token,120000000.0,ERC-20,0,0,1,1,43.0,0,0,0,0,1,1.0,0,1,0,1.0,0.0,0,1,No,No,0,1,1,high,unknown,British Virgin Islands,unknown,0,1,0,0,0,0,0,1,0,0,0,Video Games & VR,0xec46f8207d766012454c408de210bcbc2243e71c,12/1/2017,12/26/2017,3.0,0,1,0,BTC,BTC,1.0,20.0,0,0,0,1,1,0,0,1,0,1,1,0,0,0,0,1,1,0,0,1,0,0,0,0,0,0,0,26,26.0,0,Video Games & VR
OAX,tokens,1,Security,100000000.0,ERC-20,1,0,0,0,23.0,0,0,1,0,0,1.0,1,0,0,1.0,0.0,0,1,No,No,1,1,0,high,joint-stock corporation,Hong Kong,"19B CNT Tower, 338 Hennessy Road Wan Chai",0,1,0,0,0,1,0,0,1,1,1,Trading & Exchanges,0x701c244b988a513c945973defa05de933b23fe1d,6/22/2017,7/4/2017,14.0,0,1,1,tokens,tokens,1.0,0.0,0,0,0,1,1,1,1,0,0,1,1,0,0,0,0,1,0,0,1,0,0,0,0,0,0,1,0,13,13.0,1,Trading & Exchanges
OmiseGO,USD,1,Cryptocurrency,140245398.0,ERC-20,0,0,0,1,16.0,0,0,4,0,1,0.0,0,1,0,0.0,0.0,1,0,SBI Investment; SMDV; SMBC; Golden Gate Ventures; Ascend Capital; East Ventures; Krungsri; 500 Startups,Pantera Capital; Kenetic Capital; Nirvana Capital,0,1,1,high,joint-stock corporation,Singapore,"7, STRAITS VIEW, #11-01, MARINA ONE EAST TOWER, SINGAPORE 018936",0,0,0,0,0,0,1,1,0,1,1,Payments,0xd26114cd6ee289accf82350c8d8487fedb8a0c07,6/7/2017,6/27/2017,27.0,0,1,0,USD,USD,0.0,0.0,0,0,0,1,1,1,1,0,0,1,1,1,1,1,0,1,1,0,0,0,1,0,1,1,0,1,0,21,21.0,1,Payments
Opus,USD,1,Utility-token,249308531.0,ERC-223,0,0,1,1,42.0,1,1,1,0,1,1.0,1,1,0,0.0,0.0,1,0,No,No,1,0,0,unknown,joint-stock corporation,United Kingdom,"Opus Stream Ltd., 590 Kingston Road, London, United Kingdom, SW20 8DN ",0,0,0,0,0,0,0,0,0,0,1,Content Management,0x4355fc160f74328f9b383df2ec589bb3dfd82ba0,7/20/2017,8/24/2017,6.0,0,1,0,USD,USD,0.0,13.0,0,1,1,0,1,1,1,0,0,1,1,0,0,0,1,0,1,0,0,1,0,0,0,1,0,1,0,36,35.0,1,Content Management
OriginTrail,USD;tokens,1,Utility-token,500000000.0,ERC-20,0,1,1,1,27.0,1,0,5,1,1,1.0,1,1,1,1.0,0.0,1,0,No,No,1,0,1,high,limited liability partnership,Slovenia,"OriginTrail, d.o.o., Vojkova cesta 63, 1000 Ljubljana, Slovenia",0,0,0,0,0,1,0,0,1,0,0,Provenance & Notary,0xaa7a9ca87d3694b5755f213b5d04094b8d0f0a6f,1/17/2018,1/17/2018,19.0,0,1,1,USD,tokens,0.0,0.0,0,0,0,1,1,1,1,0,0,1,1,0,0,0,0,1,1,0,0,1,0,0,0,1,0,0,1,1,27.0,1,Provenance & Notary
Pally,ETH,1,Utility-token,55679834.0,ERC-20,0,0,1,1,25.0,1,1,1,0,1,1.0,0,0,0,0.0,0.0,1,0,No,No,0,0,0,high,joint-stock corporation,United Kingdom,"PENPAL GROUP LTD, 21 Callingham House Clapham Road Estate, London, England, SW4 6NF ",0,0,0,0,0,0,1,1,0,0,0,Travel & Tourisim,0x562952c749d05dca4cd004489a153c7ee7e58240,10/12/2017,12/13/2017,0.0,1,1,1,ETH,ETH,0.0,25.0,0,0,0,0,1,1,1,0,0,1,1,0,0,0,0,1,1,0,0,1,0,0,0,1,0,1,0,63,29.0,1,Travel & Tourisim
Patientory,tokens,1,Utility-token,100000000.0,ERC-20,0,0,1,1,19.0,0,0,2,0,1,0.0,0,1,0,0.0,0.0,1,0,StartUp Health; Boomtown Accelerator; MedTech Innovator,No,0,1,1,high,joint-stock corporation,United States,"Patientory, Inc., 859 Spring St. NW Atlanta, GA 30308",0,0,0,0,0,0,0,0,0,0,0,Drugs & Healthcare,0x8ae4bf2c33a8e667de34b54938b0ccd03eb8cc06,5/31/2017,6/28/2017,11.0,0,1,1,tokens,tokens,0.0,17.0,0,0,0,1,1,1,1,0,0,1,1,1,1,0,0,1,1,0,0,1,0,0,0,1,0,1,0,29,4.0,1,Drugs & Healthcare
Pillar,USD;tokens,0,Utility-token,800000000.0,ERC-20,0,0,1,0,38.0,0,0,1,0,0,1.0,0,1,0,0.0,0.0,0,1,No,No,0,1,1,high,joint-stock corporation,Switzerland,"Bahnhofstrasse 21,6300 Zug",0,0,0,0,0,0,0,1,0,0,0,Payments,0xe3818504c1b32bf1557b16c238b2e01fd3149c17,7/15/2017,7/17/2017,23.0,0,1,1,USD,tokens,0.0,0.0,0,0,0,1,1,1,1,0,1,1,1,0,0,0,0,1,1,0,0,1,0,0,0,1,0,1,0,3,3.0,1,Payments
Playkey,tokens,1,Utility-token,19893268.0,ERC-20,0,0,1,1,37.0,0,0,4,0,1,1.0,0,1,1,0.0,0.0,1,0,Clarsia Investments; Internet Initiatives Development Fund,Uncharted Capital,0,1,1,high,joint-stock corporation,Cayman Islands,unknown,0,0,0,0,0,1,0,0,1,0,1,Video Games & VR,0x2604fa406be957e542beb89e6754fcde6815e83f,11/1/2017,11/30/2017,7.0,0,1,0,tokens,tokens,2.0,14.0,0,0,0,1,1,1,0,1,0,1,1,1,1,1,0,1,1,0,0,1,0,0,0,1,0,1,0,30,30.0,0,Video Games & VR
Po.et,USD,0,Utility-token,3141592653.0,ERC-20,0,0,1,0,26.0,1,1,1,0,1,0.0,1,1,0,0.0,0.0,0,1,No,Fenbushi Capital; BTC Labs,0,0,1,unknown,joint-stock corporation,Singapore,"POET TECHNOLOGY LIMITED,  22 NORTH CANAL ROAD #02-00 SINGAPORE 048834",0,0,0,0,0,0,1,1,0,0,0,Content Management,0x0e0989b1f9b8a38983c2ba8053269ca62ec9b195,8/8/2017,8/8/2017,11.0,0,1,0,USD,USD,0.0,0.0,0,0,1,0,1,1,1,0,0,1,1,1,0,1,1,0,1,0,0,1,0,0,0,0,0,1,0,1,30.0,1,Content Management
Polybius,tokens,1,Security,4268349.0,ERC-20,0,0,0,1,25.0,0,0,0,0,0,0.0,0,1,0,0.0,0.0,1,0,No,No,0,1,1,neutral,foundation,Estonia,Tartu mnt 43 Tallinn 10128 Estonia,0,0,0,0,0,1,1,0,0,0,0,Finance,0x0affa06e7fbe5bc9a764c979aa66e8256a631f02,5/31/2017,7/5/2017,31.0,0,1,0,tokens,tokens,8.0,20.0,0,0,0,0,1,1,1,0,0,1,1,0,0,0,0,0,1,0,1,0,0,0,0,0,1,0,0,36,36.0,1,Finance
Power Ledger,USD,0,Utility-token,1000000000.0,ERC-20,0,1,1,1,34.0,0,0,2,0,1,0.0,0,1,0,1.0,0.0,1,0,No,No,0,1,1,low,joint-stock corporation,Australia,"218 St Georges Terrace (8,658.64 mi), Perth, Western Australia 6000",0,0,0,0,0,0,1,1,0,1,0,Energy & Utilities,0x595832f8fc6bf59c85c527fec3740a1b7a361269,9/12/2017,10/6/2017,26.0,0,0,0,USD,USD,0.0,20.0,0,0,0,1,1,1,1,0,0,1,1,0,0,0,1,0,1,0,0,1,0,0,0,1,0,1,0,25,25.0,1,Energy & Utilities
Primalbase Token,tokens,1,Utility-token,1250.0,Waves,0,0,0,1,10.0,1,1,0,1,1,0.0,0,1,0,0.0,0.0,0,1,No,No,1,0,1,unknown,unknown,unknown,unknown,0,0,0,0,0,0,0,0,0,0,0,Real Estate,not applicable,6/26/2017,7/26/2017,8.0,0,1,1,tokens,tokens,7864.0,40.0,0,0,0,0,1,0,0,0,0,0,1,0,0,0,1,0,1,0,0,1,0,0,0,0,0,0,0,31,3.0,1,Real Estate
Privatix,ETH,0,Utility-token,1275455.0,ERC-20,0,0,1,1,75.0,0,0,2,0,1,1.0,0,1,0,0.0,0.0,1,0,No,No,0,1,1,neutral,joint-stock corporation,Gibraltar,unknown,0,0,0,0,0,1,1,1,0,0,0,Communications,0x3adfc4999f77d04c8341bac5f3a76f58dff5b37a,10/18/2017,11/16/2017,3.0,0,1,1,ETH,ETH,3.0,25.0,0,0,0,1,1,1,0,1,0,1,1,0,0,0,0,0,1,0,0,1,0,0,0,1,0,1,0,30,30.0,1,Communications
Proof Suite,ETH,1,Security,2362062.0,ERC-20,0,0,1,0,19.0,0,0,0,0,1,1.0,0,1,0,1.0,0.0,0,1,No,No,0,0,0,neutral,unknown,Estonia," Roosikrantsi 2, 10119 Tallinn, Estonia",0,0,0,0,0,0,0,0,0,0,0,Finance,unknown,11/1/2017,12/1/2017,3.0,0,1,0,ETH,ETH,41.0,0.0,0,0,0,0,1,0,1,0,0,1,1,0,0,0,0,0,1,0,1,0,0,0,0,0,0,0,0,31,31.0,0,Finance
Propy,USD,0,Utility-token,100000000.0,ERC-20,0,0,1,1,31.0,1,1,2,0,1,1.0,0,0,0,1.0,0.0,0,1,No,No,0,1,0,high,joint-stock corporation,United States,"644 Emerson St, Suite 100. Palo Alto, CA 94301",0,0,0,0,0,0,0,0,0,0,0,Real Estate,0x226bb599a12c826476e3a771454697ea52e9e220,7/23/2017,9/15/2017,12.0,0,1,0,USD,USD,1.0,13.0,0,0,0,1,1,1,1,0,0,1,1,0,0,0,0,1,1,0,0,1,0,0,0,1,0,1,0,55,55.0,0,Real Estate
Publica,USD,0,Utility-token,33787150.0,ERC-20,0,0,1,0,20.0,0,0,0,0,1,1.0,0,0,0,0.0,0.0,1,0,No,No,0,1,1,neutral,unknown,unknown,unknown,0,0,0,0,0,0,1,0,0,0,0,Content Management,0x55648de19836338549130b1af587f16bea46f66b,11/1/2017,12/1/2017,1.0,0,1,1,USD,USD,0.0,29.0,0,0,0,1,1,0,0,0,0,1,1,0,0,0,0,0,1,0,0,1,0,0,0,1,0,0,0,31,14.0,0,Content Management
QASH,tokens,0,Utility-token,1000000000.0,ERC-20,0,0,1,1,73.0,1,1,3,1,1,0.0,0,1,0,1.0,0.0,0,1,Jafco; B Dash Ventures; SBI Investment; Mistletoe; Digital Garage,No,0,1,1,high,joint-stock corporation,Singapore,"Quoine PTE. LTD., 8 Orange Grove Road #06-02, Singapore 258342",0,0,0,0,0,1,0,1,0,0,0,Finance,0x618e75ac90b12c6049ba3b27f5d5f8651b0037f6,11/6/2017,11/8/2017,87.0,0,1,1,tokens,tokens,0.0,0.0,0,0,0,0,1,1,1,0,0,1,1,1,1,0,0,1,1,0,0,1,0,0,0,0,0,1,0,3,3.0,0,Finance
Qbao,tokens,0,Utility-token,100000000.0,QTUM,0,0,1,1,40.0,1,1,0,1,1,0.0,0,1,0,1.0,0.0,0,1,No,No,0,1,0,unknown,foundation,Singapore,"QBAO Foundation Ltd., 9 TEMASEK BOULEVARD #04-02 SUNTEC TOWER TWO SINGAPORE 038989",0,0,0,0,0,1,0,0,0,0,0,Social Networks,not applicable,11/19/2017,11/20/2017,12.0,0,1,0,tokens,tokens,0.0,9.0,0,1,0,1,1,1,1,0,0,0,1,0,0,0,1,0,1,0,0,1,0,0,0,0,1,0,0,2,31.0,1,Social Networks
QLINK,NEO,0,Utility-token,600000000.0,NEO,0,0,1,1,34.0,0,0,3,0,1,0.0,0,1,0,1.0,0.0,1,0,No,District 13,0,1,1,neutral,joint-stock corporation,Hong Kong,unknown,0,0,0,0,0,1,1,1,0,1,1,Communications,not applicable,12/19/2017,1/19/2018,21.0,0,1,0,NEO,NEO,0.0,0.0,1,0,0,1,1,1,0,0,0,0,1,1,0,1,0,0,1,0,0,1,0,0,0,1,0,1,0,32,32.0,1,Communications
Raiden Network Token,tokens,1,Cryptocurrency,100000000.0,ERC-20,0,1,0,0,0.0,0,0,3,0,0,1.0,1,0,0,1.0,0.0,0,1,No,Nirvana Capital,0,1,0,unknown,other,Liechtenstein,Brainbot Labs Establishment Lettstrasse 12 ,0,0,0,0,0,1,0,0,0,0,0,Payments,0x255aa6df07540cb5d3d297f0d0d4d84cb52bc8e6,10/18/2017,11/1/2017,32.0,0,1,0,tokens,tokens,1.0,0.0,0,0,0,0,1,1,1,1,0,1,1,1,0,1,1,0,1,0,0,0,1,0,1,1,0,0,0,15,15.0,1,Payments
REAL,ETH,1,Security,19717288.0,ERC-20,0,0,1,0,38.0,0,0,0,0,1,1.0,0,1,1,0.0,0.0,1,0,No,No,0,1,1,high,joint-stock corporation,Singapore,"Real Estate Asset Ledger Pte. Ltd. , 22 North Canal Road #02-00, Singapore 048834.",0,0,0,0,0,0,0,0,0,0,0,Real Estate,0x9214ec02cb71cba0ada6896b8da260736a67ab10,8/31/2017,9/30/2017,11.0,0,1,0,ETH,ETH,1.0,17.0,0,0,0,1,1,1,1,0,0,1,1,0,0,0,0,1,1,0,1,0,0,0,0,0,0,1,0,31,31.0,1,Real Estate
REALT,ETH,1,Utility-token,100000000.0,ERC-20,0,0,0,1,11.0,0,0,4,0,0,0.0,0,1,0,1.0,0.0,0,1,No,No,0,1,1,unknown,limited liability partnership,United Kingdom,"97 Friars Mead, London, England, E14 3JY",0,0,0,0,0,0,0,0,0,0,0,Commerce & Advertising,unknown,9/7/2017,10/31/2017,0.0,0,1,1,ETH,ETH,1.0,0.0,0,0,0,0,1,1,1,0,0,1,1,0,0,0,1,0,1,0,0,1,0,0,0,1,0,0,1,55,55.0,1,Commerce & Advertising
Request Network,ETH,0,Cryptocurrency,1000000000.0,ERC-20,0,0,1,1,23.0,0,0,0,0,0,1.0,0,1,0,0.0,0.0,0,1,YCombinator,No,1,0,0,high,foundation,Switzerland,"Baarerstrasse 82, 6302 Zug",0,0,0,0,0,1,1,0,0,0,0,Payments,0x8f8221afbb33998d8584a2b05749ba73c37a938a,10/13/2017,10/15/2017,34.0,0,1,0,ETH,ETH,0.0,0.0,0,0,0,1,1,1,1,0,1,1,1,1,1,0,0,1,1,0,0,0,1,0,1,1,1,0,0,3,5.0,0,Payments
Restart Energy,USD,1,Utility-token,500000000.0,ERC-20,0,0,1,1,89.0,1,0,7,1,1,0.0,0,1,0,0.0,0.0,1,0,No,No,0,1,1,high,joint-stock corporation,Romania,"Doja Business Center, Timisoara, Gheorghe Doja Street, Nr.11",0,0,0,0,0,1,1,1,1,1,0,Energy & Utilities,0x6425c6be902d692ae2db752b3c268afadb099d3b,2/14/2018,3/14/2018,30.0,0,1,0,USD,USD,0.0,13.0,0,0,0,1,1,1,1,0,0,1,1,0,0,0,0,1,1,0,0,1,0,0,0,1,0,1,0,29,29.0,1,Energy & Utilities
Rialto,USD,1,Security,100000000.0,ERC-20,0,0,1,1,25.0,0,0,0,0,0,1.0,0,1,0,0.0,0.0,0,1,No,No,0,0,0,unknown,joint-stock corporation,Malta,"184 Saint Lucy Street,Valletta, VLT 1189",0,0,0,0,0,1,1,1,0,0,0,Trading & Exchanges,0xb24754be79281553dc1adc160ddf5cd9b74361a4,7/1/2017,7/4/2017,10.0,0,1,1,USD,USD,0.0,9.0,0,0,0,1,1,1,1,0,0,1,1,0,0,0,1,0,1,0,1,0,0,0,0,0,0,1,0,4,46.0,1,Trading & Exchanges
Ripio Credit Network,tokens,0,Utility-token,1000000000.0,ERC-20,0,0,1,1,26.0,0,0,4,0,1,0.0,0,1,0,0.0,0.0,0,1,Funders Club,Tim Draper; Pantera Capital; Fenbushi Capital; DCG; Huiyin Blockchain Ventures; Medici Ventures; Boost VC; Barry Silbert,0,1,1,high,joint-stock corporation,Cayman Islands,unknown,0,0,0,0,0,0,0,1,0,0,0,Finance,0xf970b8e36e23f7fc3fd752eea86f8be8d83375a6,10/24/2017,11/10/2017,38.0,0,1,0,tokens,tokens,0.0,0.0,0,0,0,1,1,1,0,1,0,1,1,1,1,1,0,1,1,0,0,1,0,0,0,1,0,1,0,18,13.0,1,Finance
Santiment Network Token,ETH,0,Utility-token,83000000.0,ERC-20,0,0,1,1,22.0,1,1,0,0,0,1.0,1,1,0,0.0,0.0,1,0,No,No,0,0,0,high,joint-stock corporation,Switzerland,"Via Balestra 6, 6830 Chiasso",0,0,0,0,0,0,1,0,1,0,0,Trading & Exchanges,0x7c5a0ce9267ed19b22f8cae653f198e3e8daf098,7/4/2017,7/5/2017,15.0,0,1,1,ETH,ETH,0.0,0.0,0,0,0,1,1,1,1,0,1,1,1,0,0,0,0,1,1,0,0,1,0,0,0,1,0,1,0,2,32.0,1,Trading & Exchanges
Science Blockchain,USD,1,Security,100000000.0,ERC-20,0,0,0,0,78.0,1,0,6,1,1,1.0,0,1,0,0.0,0.0,0,1,No,No,0,1,1,unknown,limited liability partnership,Singapore,Science Blockchain Pte. Ltd. 22 North Canal road 048834 Singapore,0,0,0,1,0,1,1,0,0,1,0,Finance,unknown,9/11/2017,11/22/2017,12.0,1,1,1,USD,USD,1.0,0.0,0,0,0,0,1,1,1,0,0,1,1,0,0,0,1,0,1,0,1,0,0,0,0,0,0,0,1,73,73.0,1,Finance
Selfkey,USD,0,Utility-token,6000000000.0,ERC-20,0,0,1,1,29.0,1,1,2,0,0,1.0,1,1,0,1.0,0.0,0,1,Accenture Fintech Lab Accelerator; SCB Digital Ventures; Cyberport Accelerator,No,0,1,0,high,limited liability partnership,Mauritius,unknown,0,0,0,0,0,1,0,0,1,0,0,Identity & Reputation,0x4cc19356f2d37338b9802aa8e8fc58b0373296e7,1/14/2018,1/14/2018,22.0,0,1,1,USD,USD,0.0,0.0,0,0,0,0,1,1,0,0,0,1,1,1,1,0,0,1,1,0,0,1,0,0,0,1,0,0,1,1,18.0,1,Identity & Reputation
Seratio Project,tokens,0,Cryptocurrency,124131896.0,ERC-20,0,0,1,1,20.0,0,0,4,0,0,0.0,0,1,0,1.0,0.0,1,0,No,No,0,1,1,high,limited liability partnership,United Kingdom,"Seratio Limited, Bureau 112, Un Innovation Green Street, Northampton, NN1 1SY ",0,0,0,0,0,0,1,0,1,1,0,Charity,unknown,10/1/2017,10/31/2017,4.0,0,0,0,tokens,tokens,0.0,20.0,0,0,0,1,1,1,1,0,0,1,1,0,0,0,0,1,1,0,0,0,1,0,1,1,0,0,1,31,31.0,0,Charity
Sharpe Capital,USD,1,Utility-token,32000000.0,ERC-20,0,0,0,1,55.0,0,0,1,0,1,1.0,1,1,0,1.0,0.0,1,0,No,No,1,0,0,low,joint-stock corporation,Hong Kong,"Sharpe Holdings Limited 14/F Manning House, 38-48 Queens Road Central",0,0,0,0,0,1,1,1,1,1,0,Finance,0xef2463099360a085f1f10b076ed72ef625497a06,11/13/2017,2/5/2018,4.0,0,1,0,USD,USD,0.0,46.0,0,0,0,1,1,1,1,0,0,1,1,0,0,0,1,0,1,0,0,1,0,0,0,1,0,1,0,85,77.0,1,Finance
Simple Token,tokens,1,Utility-token,800000000.0,ERC-20,0,1,1,1,36.0,0,0,1,0,0,1.0,1,1,0,1.0,0.0,1,0,Correlation Ventures; Greycroft; Vectr Ventures; 500 Startups,CM Crypto Capital; Hashed,0,0,1,high,joint-stock corporation,Hong Kong,unknown,0,0,0,0,0,1,0,1,1,1,0,Commerce & Advertising,0x2c4e8f2d746113d0696ce89b35f0d8bf88e0aeca,11/14/2017,12/1/2017,22.0,1,1,1,tokens,tokens,0.0,30.0,0,0,0,1,1,1,0,0,0,1,1,1,1,1,0,1,1,0,0,1,0,0,0,1,0,1,0,18,18.0,1,Commerce & Advertising
SingularDTV,USD,0,Security,1000000000.0,ERC-20,0,0,1,1,28.0,0,0,2,0,1,1.0,0,1,0,0.0,0.0,0,1,No,No,0,1,1,neutral,limited liability partnership,Switzerland,"SingularDTV GmbH,   Gartenstrasse 6
6300 Zug",0,0,0,0,0,0,0,0,1,1,0,Events & Entertainment,0xaec2e87e0a235266d9c5adc9deb4b2e29b54d009,10/2/2016,10/29/2016,6.0,0,1,1,USD,USD,0.0,33.0,0,0,0,0,1,1,1,0,1,1,1,0,0,0,0,0,1,0,1,0,0,0,0,0,0,0,1,28,1.0,0,Events & Entertainment
SingularityNET,USD,1,Utility-token,1000000000.0,ERC-20,0,0,1,1,53.0,1,1,0,0,1,1.0,1,1,0,0.0,0.0,0,1,No,No,1,1,1,high,foundation,Netherlands,"Barbara Strozzilaan 362 Eurocenter I, 1083HN, Amsterdam",1,0,0,0,0,1,1,1,0,0,0,Data Analytics,0x8eb24319393716668d768dcec29356ae9cffe285,12/21/2017,12/22/2017,33.0,0,1,0,USD,USD,0.0,0.0,1,0,0,1,1,1,1,0,0,1,1,0,0,0,0,1,1,0,0,1,0,0,0,1,1,0,0,2,2.0,1,Data Analytics
SIRIN LABS,tokens,1,Utility-token,573145078.0,ERC-20,0,0,0,1,33.0,0,0,3,0,1,1.0,0,1,0,1.0,0.0,1,0,Singulariteam,No,0,1,1,high,joint-stock corporation,Switzerland,Sirin Labs AG Moserstrasse 48 8200 Schaffhausen,0,0,0,0,0,0,0,0,0,0,0,Communications,0x68d57c9a1c35f63e2c83ee8e49a64e9d70528d25,12/12/2017,12/25/2017,158.0,0,0,0,tokens,tokens,1.0,50.0,0,0,0,1,1,1,1,0,1,1,1,1,1,0,0,1,1,0,0,1,0,0,0,0,0,1,0,14,14.0,1,Communications
SkinCoin,ETH,1,Utility-token,488183483.0,ERC-20,0,0,0,1,18.0,0,0,0,0,1,1.0,0,1,0,0.0,0.0,1,0,No,No,0,0,0,unknown,joint-stock corporation,Hong Kong,unknown,0,0,0,0,0,0,0,0,0,0,0,Video Games & VR,0x2bdc0d42996017fce214b21607a515da41a9e0c5,6/21/2017,7/21/2017,3.0,0,1,1,ETH,ETH,0.0,17.0,0,0,0,0,1,1,0,0,0,1,1,0,0,0,1,0,1,0,0,1,0,0,0,1,0,1,0,31,31.0,1,Video Games & VR
Smart Investment Fund Token,tokens,1,Security,722932.0,ERC-20,0,0,0,1,21.0,1,0,10,1,0,1.0,0,0,0,0.0,0.0,1,0,No,No,1,1,0,unknown,joint-stock corporation,United Kingdom,"LOGICAL TRADING SYSTEMS LIMITED, 71-75 Shelton Street, Covent Garden, London, United Kingdom, WC2H 9JQ ",0,1,0,0,0,0,1,0,0,0,0,Finance,0x8a187d5285d316bcbc9adafc08b51d70a0d8e000,8/1/2017,9/15/2017,2.0,0,0,0,tokens,tokens,3.0,0.0,1,0,0,0,1,1,1,0,0,1,1,0,0,0,1,0,1,0,1,0,0,0,0,0,0,1,0,46,46.0,1,Finance
Sociall,tokens,1,Utility-token,16714020.0,ERC-20,0,0,0,1,22.0,0,0,3,0,1,1.0,0,1,0,0.0,0.0,1,0,No,No,0,0,0,low,joint-stock corporation,Australia,unknown,0,0,0,0,0,0,0,0,0,0,0,Social Networks,0xd7631787b4dcc87b1254cfd1e5ce48e96823dee8,7/28/2017,9/15/2017,6.0,0,1,1,tokens,tokens,0.0,41.0,0,0,0,0,1,1,0,0,0,1,1,0,0,0,1,0,1,0,0,1,0,0,0,0,0,1,0,50,50.0,1,Social Networks
Sola,USD,1,Utility-token,150000000.0,ERC-20,0,0,0,1,45.0,1,1,6,1,1,0.0,0,1,0,1.0,0.0,1,0,No,No,0,0,0,neutral,joint-stock corporation,British Virgin Islands,"13th Vision Limited, Geneva Palace, Waterfront Drive, P.O. Box 3469, Road Town, Tortola",0,0,0,0,0,1,1,1,0,0,0,Social Networks,unknown,11/27/2017,12/25/2017,2.0,0,1,1,USD,USD,0.0,15.0,0,0,0,1,1,1,1,1,0,1,1,0,0,0,0,0,1,0,0,1,0,0,0,0,0,1,0,29,26.0,1,Social Networks
SONM,ETH,1,Utility-token,444000000.0,ERC-20,0,0,1,1,42.0,0,0,2,0,1,1.0,1,1,0,0.0,0.0,1,0,No,No,1,0,0,low,joint-stock corporation,Singapore,Sonm Pte. Ltd. 20 MAXWELL ROAD #09-17 MAXWELL HOUSE SINGAPORE 069113 ,0,0,0,0,0,0,1,0,0,0,0,Blockchain Infrastructure,0x983f6d60db79ea8ca4eb9968c6aff8cfa04b3c63,6/13/2017,6/17/2017,47.0,0,1,0,ETH,ETH,0.0,0.0,0,0,0,0,1,1,1,0,0,1,1,0,0,0,1,0,1,0,0,1,0,0,0,0,0,1,0,5,5.0,1,Blockchain Infrastructure
SophiaTX,ETH,1,Utility-token,500000000.0,ERC-20,0,1,0,1,44.0,0,0,0,0,1,0.0,0,0,0,0.0,0.0,1,0,No,No,0,1,1,high,joint-stock corporation,Switzerland,"Industriestrasse 33,5242 Lupfig",0,0,0,0,0,1,1,1,1,1,0,Blockchain Infrastructure,0x3833dda0aeb6947b98ce454d89366cba8cc55528,12/7/2017,12/17/2017,23.0,0,1,0,ETH,ETH,0.0,38.0,0,0,0,1,1,1,1,0,1,1,1,0,0,0,0,1,1,0,0,1,0,0,0,1,0,1,0,11,11.0,1,Blockchain Infrastructure
spectiv,USD,0,Utility-token,378851756.0,ERC-20,0,0,1,1,41.0,1,1,0,0,1,0.0,0,1,0,0.0,0.0,1,0,No,No,1,0,1,low,joint-stock corporation,Mauritius,"spectiv promote co. Ltd, 1st floor cybertower one, ebene 72201",0,0,0,0,0,1,1,0,0,1,0,Commerce & Advertising,0x6888a16ea9792c15a4dcf2f6c623d055c8ede792,12/5/2017,12/29/2017,11.0,0,1,1,USD,USD,1.0,38.0,1,0,0,1,1,1,1,0,0,1,1,0,0,0,1,0,1,0,0,1,0,0,0,1,0,1,0,25,25.0,1,Commerce & Advertising
Spectre,tokens,1,Utility-token,480000000.0,ERC-20,0,0,1,1,23.0,0,0,0,0,1,1.0,0,1,0,1.0,0.0,1,0,No,No,0,0,0,unknown,joint-stock corporation,Cayman Islands," Spectre Global Limited, Artemis House, 76 Fort Street, Grand Cayman, KY1-1111, Cayman Islands",0,0,0,0,0,1,1,0,0,0,0,Trading & Exchanges,0x2c82c73d5b34aa015989462b2948cd616a37641f,11/17/2017,12/10/2017,27.0,1,1,1,tokens,tokens,0.0,10.0,0,1,1,1,1,1,1,1,0,1,1,0,0,0,1,0,1,0,0,1,0,0,0,1,0,1,0,24,24.0,1,Trading & Exchanges
SportyCo,USD,1,Security,70673454.0,ERC-20,0,0,1,1,22.0,1,0,3,0,1,1.0,0,1,0,0.0,0.0,1,0,No,No,0,0,1,high,joint-stock corporation,United Kingdom,"Sportify Ltd., 20-22 Wenlock Road, London, England, N1 7GU ",0,0,0,0,0,1,1,1,0,0,0,Finance,0x85089389c14bd9c77fc2b8f0c3d1dc3363bf06ef,11/21/2017,12/10/2017,5.0,1,1,1,USD,USD,0.0,9.0,0,0,1,1,1,1,1,0,0,1,1,0,0,0,0,1,1,1,1,0,0,0,0,0,0,1,0,20,20.0,1,Finance
Starta,USD,1,Security,5000000.0,Waves,0,0,0,0,23.0,1,0,1,0,1,0.0,0,1,1,0.0,0.0,1,0,Starta Accelerator; Bank Saint Petersburg Venture Arm,No,0,1,1,unknown,joint-stock corporation,Singapore,Cross Coin Pte. Ltd. 491B RIVER VALLEY ROAD #15-01 VALLEY POINT SINGAPORE 248373,0,1,0,0,0,0,0,0,0,0,0,Finance,not applicable,7/4/2017,7/5/2017,4.0,0,1,1,USD,USD,1.0,0.0,0,0,0,0,1,1,1,0,0,0,1,1,1,0,1,0,1,0,1,0,0,0,0,0,0,1,0,2,32.0,1,Finance
Status,tokens,1,Utility-token,7314688780.0,ERC-20,0,0,0,1,35.0,1,1,2,0,1,0.0,1,1,0,0.0,0.0,1,0,No,Kenetic Capital,0,0,0,neutral,limited liability partnership,Switzerland,"Status Research & Development GmbH, Baarerstrasse 10, 6302 Zug",0,0,0,0,0,1,1,0,0,0,0,Blockchain Infrastructure,0x744d70fdbe2ba4cf95131626614a1763df805b9e,6/20/2017,6/21/2017,101.0,0,1,0,tokens,tokens,0.0,0.0,0,1,1,1,1,1,1,0,1,1,1,1,0,1,0,0,1,0,0,1,0,0,0,1,0,0,1,2,15.0,1,Blockchain Infrastructure
Storiqa,USD,0,Cryptocurrency,8025845771.0,ERC-20,0,0,1,1,40.0,1,1,1,0,0,1.0,0,0,0,0.0,0.0,0,1,No,No,0,0,0,medium,joint-stock corporation,Hong Kong,"Unit 617, 6/F 131-132 Connaught Road West Hong Kong",0,0,0,0,0,1,0,0,0,0,0,Commerce & Advertising,0x5c3a228510d246b78a3765c20221cbf3082b44a4,11/27/2017,1/29/2018,30.0,0,1,1,USD,USD,0.0,30.0,0,0,0,1,1,1,1,0,0,1,1,0,0,0,0,0,1,0,0,0,1,0,1,1,0,1,0,64,79.0,1,Commerce & Advertising
Storj,USD,0,Utility-token,425000000.0,ERC-20,0,0,1,0,37.0,1,1,3,1,1,1.0,1,1,0,1.0,0.0,0,1,Qualcomm Ventures; Techstars; Google Ventures,No,0,1,1,high,joint-stock corporation,United States,"3423 Piedmont Road NE, Suite 475, Atlanta, Georgia, 30305, United States",0,0,0,0,0,0,0,0,0,0,0,Data Storage,0xb64ef51c888972c908cfacf59b47c1afbc0ab8ac,5/17/2017,6/7/2017,30.0,0,1,1,USD,USD,1.0,0.0,0,0,0,1,1,1,1,0,0,1,1,1,1,0,0,1,1,0,0,1,0,0,0,1,0,1,0,22,34.0,0,Data Storage
Storm,ETH,1,Utility-token,10000000000.0,ERC-20,0,0,1,1,20.0,1,1,3,1,1,1.0,0,0,0,0.0,0.0,0,1,No,No,0,1,0,high,joint-stock corporation,United States,"Seattle, 11036 8th Ave NE ",0,0,0,1,1,1,1,1,0,0,0,Video Games & VR,0xd0a4b8946cb52f0661273bfbc6fd0e0c75fc6433,11/7/2017,12/7/2017,56.0,1,1,0,ETH,ETH,0.0,0.0,0,0,0,1,1,1,1,0,0,1,1,0,0,0,0,1,1,0,0,1,0,0,0,1,0,1,0,31,31.0,1,Video Games & VR
Stox,USD,0,Utility-token,19512211.0,ERC-20,0,0,1,1,57.0,0,0,0,0,0,0.0,0,1,0,0.0,0.0,1,0,No,No,0,1,1,high,joint-stock corporation,Gibraltar,unknown,0,0,0,0,0,0,1,1,0,0,1,Gambling & Betting,0x006bea43baa3f7a6f765f14f10a1a1b08334ef45,8/2/2017,8/3/2017,30.0,0,1,1,USD,USD,1.0,0.0,0,0,0,1,1,1,0,1,0,1,1,0,0,0,0,1,1,1,0,1,0,0,0,1,0,1,0,2,15.0,1,Gambling & Betting
Substratum,ETH,1,Utility-token,472000000.0,ERC-20,0,0,0,1,18.0,0,0,0,0,0,0.0,0,1,0,0.0,0.0,0,1,No,No,0,1,0,low,joint-stock corporation,United States,4798 S Florida Ave #177 Lakeland FL 33813,0,0,0,0,0,0,0,0,0,0,0,Blockchain Infrastructure,0x12480e24eb5bec1a9d4369cab6a80cad3c0a377a,8/7/2017,9/14/2017,14.0,0,1,1,ETH,ETH,0.0,57.0,0,0,0,0,1,1,1,0,0,1,1,0,0,0,1,0,1,0,0,1,0,0,0,1,0,1,0,39,39.0,1,Blockchain Infrastructure
SunContract,ETH,1,Utility-token,122707503.0,ERC-20,0,0,0,0,24.0,0,0,1,0,1,1.0,0,1,0,0.0,0.0,1,0,No,No,0,0,0,unknown,unknown,Slovenia,unknown,0,0,0,0,0,1,1,0,0,0,0,Energy & Utilities,0xf4134146af2d511dd5ea8cdb1c4ac88c57d60404,6/28/2017,7/25/2017,2.0,0,1,1,ETH,ETH,0.0,14.0,0,1,1,1,1,0,0,0,0,1,1,0,0,0,1,0,1,0,0,1,0,0,0,1,0,0,0,28,28.0,1,Energy & Utilities
Suretly,USD,0,Security,237614.0,ERC-20,0,0,1,0,19.0,1,0,0,1,1,1.0,0,1,1,0.0,0.0,1,0,Starta Accelerator,No,0,0,1,unknown,joint-stock corporation,Singapore,"SURcoin, Pte. Ltd., 11 Collyer Quay, #14-02, The Arcade, Singapore 049317",0,0,0,0,0,0,1,1,0,0,0,Finance,0xe120c1ecbfdfea7f0a8f0ee30063491e8c26fedf,7/9/2017,8/11/2017,3.0,0,1,1,USD,USD,25.0,41.0,0,0,0,0,1,1,1,0,0,1,1,1,1,0,1,0,1,0,1,0,0,0,0,0,0,1,0,34,34.0,1,Finance
TaaS,USD,1,Security,7317230.0,ERC-20,0,0,0,1,17.0,0,0,0,0,1,0.0,0,1,0,0.0,0.0,1,0,No,No,0,1,1,neutral,joint-stock corporation,Singapore,"TAASFUND PTE. LTD. , 8 BURN ROAD #15-13 TRIVEX SINGAPORE 369977",0,0,0,0,0,0,0,0,0,0,0,Trading & Exchanges,0xe7775a6e9bcf904eb39da2b68c5efb4f9360e08c,3/27/2017,4/27/2017,7.0,0,1,0,USD,USD,1.0,20.0,0,0,0,0,1,1,1,0,0,1,1,0,0,0,0,0,1,0,1,0,0,0,0,0,0,1,0,32,32.0,1,Trading & Exchanges
TE-FOOD (TFD),USD,1,Utility-token,1000000000.0,ERC-20,0,0,1,1,50.0,1,1,3,1,1,0.0,0,1,1,0.0,0.0,0,1,No,No,0,1,1,neutral,limited liability partnership,Germany,"TE-FOOD International GmbH, An der Technologiewerkstatt 1, 72461 Albstadt, Germany",0,0,0,0,0,1,1,1,0,0,0,Provenance & Notary,0xe5f166c0d8872b68790061317bb6cca04582c912,2/22/2018,2/22/2018,19.0,0,1,0,USD,USD,0.0,13.0,0,0,0,1,1,1,1,0,0,1,1,0,0,0,0,0,1,0,0,1,0,0,0,0,0,0,1,1,29.0,1,Provenance & Notary
Telcoin,USD,1,Utility-token,100000000000.0,ERC-20,0,1,1,1,50.0,0,0,0,0,1,1.0,0,0,0,1.0,0.0,1,0,No,No,0,1,1,high,joint-stock corporation,Singapore,30 CECIL STREET #19-08 PRUDENTIAL TOWER SINGAPORE 049712,0,0,0,0,0,1,0,0,0,0,0,Payments,0x85e076361cc813a908ff672f9bad1541474402b2,12/10/2017,12/30/2017,25.0,0,1,1,USD,USD,0.0,23.0,0,0,0,0,1,1,1,0,0,1,1,0,0,0,0,1,1,0,0,1,0,0,0,1,0,1,0,21,63.0,0,Payments
TenX,ETH,1,Security,347870183.0,ERC-20,0,0,1,1,51.0,1,0,2,1,1,0.0,0,1,0,0.0,0.0,1,0,No,Fenbushi Capital; Kenetic Capital,0,0,0,unknown,joint-stock corporation,Singapore,"TENX PTE. LTD., 8 Eu Tong Sen Street #24-89,90 The Central, Singapore 059818 ",0,0,0,0,0,0,1,0,0,0,0,Payments,0xb97048628db6b661d4c2aa833e95dbe1a905b280,6/24/2017,6/24/2017,105.0,0,1,0,ETH,ETH,1.0,17.0,0,1,1,1,1,1,1,0,0,1,1,1,0,1,1,0,1,0,1,0,0,0,0,0,0,1,0,1,31.0,1,Payments
Tierion,tokens,1,Utility-token,1000000000.0,ERC-20,0,0,0,1,34.0,1,0,2,1,0,1.0,1,0,0,1.0,0.0,0,1,No,Blockchain Capital; Digital Currency Group,0,1,0,high,joint-stock corporation,United States,"555 Asylum Ave - #307, Hartford, CT 06105",0,0,0,0,0,1,0,0,1,1,0,Privacy & Security,0x08f5a9235b08173b7569f83645d2c7fb55e8ccd8,7/27/2017,7/28/2017,25.0,0,1,0,tokens,tokens,0.0,0.0,0,0,0,1,1,1,1,0,0,1,1,1,0,1,0,1,1,0,0,1,0,0,0,0,0,1,0,2,23.0,1,Privacy & Security
TIES Network,tokens,1,Cryptocurrency,59251278.0,ERC-20,0,0,0,1,59.0,1,1,2,0,1,1.0,1,1,0,0.0,0.0,1,0,No,No,0,1,0,unknown,limited liability partnership,Netherlands,"Marconistraat 16 14e verdieping, 3029AK, Rotterdam",0,1,0,0,0,0,0,0,0,0,0,Social Networks,0x999967e2ec8a74b7c8e9db19e039d920b31d39d0,9/21/2017,10/18/2017,9.0,0,1,0,tokens,tokens,0.0,17.0,0,0,0,0,1,1,1,0,0,1,1,0,0,0,1,0,1,0,0,0,1,0,1,1,0,0,1,28,28.0,1,Social Networks
Time New Bank,ETH,0,Utility-token,6000000000.0,ERC-20,0,0,1,1,25.0,0,0,1,0,1,0.0,0,1,0,1.0,0.0,0,1,Everest;  Link VC,No,0,1,1,high,joint-stock corporation,Cayman Islands,unknown,0,0,0,0,0,1,1,1,0,0,0,Finance,0xf7920b0768ecb20a123fac32311d07d193381d6f,11/8/2017,11/24/2017,14.0,0,1,1,ETH,ETH,0.0,10.0,0,0,0,1,1,1,0,1,0,1,1,1,1,0,0,1,1,0,0,1,0,0,0,1,0,1,0,17,17.0,0,Finance
TokenCard,USD,1,Security,39406760.0,ERC-20,0,0,0,0,29.0,0,0,0,0,0,1.0,0,1,0,0.0,0.0,1,0,No,No,0,0,0,unknown,joint-stock corporation,United Kingdom,"One St Peter's Square, Manchester, United Kingdom, M2 3DE",0,0,0,0,0,1,0,0,0,0,0,Payments,0xaaaf91d9b90df800df4f55c205fd6989c977e73a,5/2/2017,5/2/2017,13.0,0,1,0,USD,USD,1.0,33.0,0,0,0,1,1,1,1,0,0,1,1,0,0,0,1,0,1,0,1,0,0,0,0,0,0,1,0,1,8.0,1,Payments
Tomocoin (TOMO),tokens,1,New Blockchain,100000000.0,ERC-20,0,0,1,1,37.0,1,1,0,0,0,1.0,1,1,0,1.0,0.0,0,1,No,Signum Capital; Connect Capital; Coefficient Ventures,1,0,0,neutral,joint-stock corporation,Singapore,TomoChain Pte. Ltd. 10 Anson Road #22-15 International Plaza Singapore 079903,0,0,0,0,0,1,1,1,0,0,0,Blockchain Infrastructure,0x8b353021189375591723e7384262f45709a3c3dc,3/1/2018,3/1/2018,8.0,0,1,0,tokens,tokens,0.0,0.0,0,0,0,1,1,1,1,0,0,1,1,1,0,1,0,0,1,0,0,0,0,1,1,1,0,1,0,1,4.0,1,Blockchain Infrastructure
Trade Token,USD,1,Utility-token,223534823.0,ERC-20,0,0,1,1,35.0,0,0,0,0,0,1.0,0,1,0,0.0,0.0,1,0,No,No,0,1,1,high,joint-stock corporation,Switzerland,"Piazza Santa Lucia 7, 6900 Massagno",0,0,0,0,0,1,1,0,0,0,0,Trading & Exchanges,0x80bc5512561c7f85a3a9508c7df7901b370fa1df,12/6/2017,1/7/2018,42.0,0,1,1,USD,USD,0.0,33.0,0,0,0,0,1,1,1,0,1,1,1,0,0,0,0,1,1,0,0,1,0,0,0,1,0,1,0,33,33.0,1,Trading & Exchanges
TraDove (BBC),USD,1,Cryptocurrency,1000000000.0,ERC-20,1,0,1,1,20.0,1,1,8,1,1,0.0,0,1,0,1.0,0.0,1,0,No,No,0,1,1,high,joint-stock corporation,United States," TraDove, Inc., 1000 Elwell Court,  Palo Alto, CA 94303,  USA",0,0,0,0,0,1,1,0,1,1,1,Social Networks,0xe7d3e4413e29ae35b0893140f4500965c74365e5,2/1/2018,2/28/2018,52.0,0,1,0,USD,USD,0.0,23.0,1,0,0,1,1,1,1,0,0,1,1,0,0,0,0,1,0,0,0,0,1,0,1,1,0,1,0,28,28.0,0,Social Networks
TrueFlip,BTC,1,Security,8924668.0,ERC-20,0,0,1,0,34.0,1,1,0,1,1,1.0,1,1,0,0.0,0.0,1,0,No,Pantera Capital,1,0,1,neutral,limited liability partnership,Costa Rica,unknown,1,0,1,0,0,1,1,1,0,0,0,Gambling & Betting,0xa7f976c360ebbed4465c2855684d1aae5271efa9,6/28/2017,7/27/2017,5.0,0,1,0,BTC,BTC,1.0,23.0,0,0,0,1,1,1,0,0,0,1,1,1,0,1,0,0,1,0,1,0,0,0,0,0,0,0,1,30,30.0,1,Gambling & Betting
Unikoin Gold,ETH,0,Utility-token,1000000000.0,ERC-20,0,1,1,1,11.0,1,1,3,1,0,1.0,0,0,0,1.0,0.0,0,1,Draper Dragon; Rubicon Venture Capital; Advancit Capital; Indicator Ventures,Blockchain Capital; Alphabit; Pantera Capital,0,1,1,high,joint-stock corporation,Bermuda,"Clarendon House, 2 Church Street, Hamilton",0,0,0,0,0,1,0,1,0,0,0,Gambling & Betting,0x24692791bc444c5cd0b81e3cbcaba4b04acd1f3b,9/22/2017,10/22/2017,48.0,1,1,0,ETH,ETH,0.0,0.0,0,0,0,0,1,1,1,1,0,1,1,1,1,1,0,1,1,1,0,1,0,0,0,0,0,1,0,31,31.0,1,Gambling & Betting
Uptoken,USD,1,Cryptocurrency,10000000000.0,ERC-20,0,0,0,1,13.0,1,1,3,1,0,0.0,0,1,0,0.0,0.0,1,0,No,No,0,0,1,high,joint-stock corporation,Cayman Islands,unknown,0,0,1,0,0,0,0,0,0,0,0,Payments,0x6ba460ab75cd2c56343b3517ffeba60748654d26,10/16/2017,12/15/2017,19.0,1,1,1,USD,USD,0.0,92.0,0,0,0,0,1,1,0,1,0,1,1,0,0,0,0,1,1,0,0,0,1,0,1,1,0,1,0,61,61.0,1,Payments
UTRUST,USD,1,Cryptocurrency,500000000.0,ERC-20,0,0,1,1,38.0,0,0,1,0,0,1.0,0,1,0,0.0,0.0,1,0,No,No,0,0,0,high,joint-stock corporation,Switzerland,unknown,0,0,0,0,0,1,1,0,0,0,0,Payments,0x70a72833d6bf7f508c8224ce59ea1ef3d0ea3a38,11/2/2017,11/20/2017,21.0,0,1,1,USD,USD,0.0,54.0,0,0,0,1,1,1,0,0,1,1,1,0,0,0,0,1,1,0,0,0,1,0,1,1,0,1,0,19,19.0,1,Payments
Veritaseum,tokens,1,Utility-token,100000000.0,ERC-20,0,0,0,0,0.0,0,0,0,0,0,0.0,0,1,0,0.0,0.0,0,1,No,No,0,0,1,unknown,limited liability partnership,United States,unknown,0,0,0,0,0,0,0,0,0,0,0,Finance,0x8f3470a7388c05ee4e7af3d01d8c722b0ff52374,4/25/2017,5/26/2017,0.0,1,1,0,tokens,tokens,5.0,20.0,0,0,1,0,1,1,0,0,0,1,1,0,0,0,1,0,1,0,0,1,0,0,0,0,0,0,1,32,32.0,1,Finance
Vezt,USD,0,Utility-token,125000000.0,ERC-20,0,0,1,1,21.0,0,0,0,0,1,1.0,0,0,0,1.0,0.0,1,0,Binary Capital; Global Trust Group,No,0,1,1,high,joint-stock corporation,United States,"Vezt Inc, 12400 Ventura Blvd. #900, Los Angeles, CA 91604",0,0,0,0,0,0,0,0,1,0,1,Art & Music,0x9720b467a710382a232a32f540bdced7d662a10b,11/4/2017,12/3/2017,2.0,0,1,0,USD,USD,0.0,59.0,0,0,0,0,1,1,1,0,0,1,1,1,1,0,0,1,1,0,0,1,0,0,0,1,0,1,0,30,30.0,0,Art & Music
Viberate,USD,0,Utility-token,200000000.0,ERC-20,0,0,1,1,34.0,1,1,4,1,1,1.0,0,1,0,0.0,0.0,0,1, ABC Accelerator,No,0,1,0,high,joint-stock corporation,Slovenia,"Letališka cesta 33F, 1000 Ljubljana",0,0,0,0,0,0,0,0,0,0,1,Art & Music,0x2c974b2d0ba1716e644c1fc59982a89ddd2ff724,9/3/2017,9/3/2017,11.0,0,1,1,USD,USD,0.0,12.0,0,0,0,1,1,1,1,0,0,1,1,1,1,0,0,1,1,0,0,1,0,0,0,1,0,1,0,1,32.0,0,Art & Music
vSlice,ETH,1,Security,33390496.0,ERC-20,0,0,0,1,6.0,1,1,0,1,1,1.0,1,1,0,0.0,0.0,1,0,No,No,0,0,0,unknown,unknown,unknown,unknown,0,0,0,0,0,0,0,0,0,0,0,Gambling & Betting,0x5c543e7ae0a1104f78406c340e9c64fd9fce5170,11/15/2016,12/12/2016,2.0,0,1,0,ETH,ETH,0.0,23.0,0,0,0,0,1,0,0,0,0,1,1,0,0,0,1,0,1,0,1,0,0,0,0,0,0,0,0,28,28.0,1,Gambling & Betting
WaBi,tokens,0,Cryptocurrency,100000000.0,ERC-20,0,0,1,1,40.0,1,0,4,1,1,0.0,0,0,0,0.0,0.0,0,1,No,No,0,0,1,high,joint-stock corporation,Singapore,"WABI PROJECT PTE. LTC., 111 NORTH BRIDGE ROAD #08-18 PENINSULA PLAZA SINGAPORE 179098",0,0,0,0,0,1,1,1,0,0,0,Provenance & Notary,0x286bda1413a2df81731d4930ce2f862a35a609fe,11/28/2017,1/28/2018,12.0,0,1,0,tokens,tokens,0.0,0.0,1,0,1,0,1,1,1,0,0,1,1,0,0,0,0,1,1,0,0,0,1,0,1,1,0,1,0,62,2.0,1,Provenance & Notary
WAX,tokens,0,Utility-token,1850000000.0,ERC-20,0,0,1,1,44.0,0,0,2,0,1,0.0,0,1,0,1.0,0.0,1,0,No,Pantera Capital; Kenetic Capital,0,1,1,unknown,unknown,Isle of Man,"OPSKINS, St Mary's, The Parade, Castletown, Isle of Man, IM9 1LG",0,0,0,0,0,1,0,1,0,0,0,Video Games & VR,0x39bb259f66e1c59d5abef88375979b4d20d98022,11/15/2017,11/29/2017,68.0,0,0,0,tokens,tokens,0.0,50.0,0,0,0,1,1,0,1,1,0,1,1,1,0,1,1,0,1,0,0,1,0,0,0,1,0,0,0,15,15.0,1,Video Games & VR
